CODE,SECTOR
0001,HEALTH CARE
0002,HEALTH CARE
0005,TECHNOLOGY
0006,TECHNOLOGY
0007,TELECOMMUNICATIONS & MEDIA
0008,TECHNOLOGY
0010,TECHNOLOGY
0011,UTILITIES
0012,CONSUMER PRODUCTS & SERVICES
0017,TELECOMMUNICATIONS & MEDIA
0018,TECHNOLOGY
0020,TECHNOLOGY
0021,TECHNOLOGY
0022,CONSUMER PRODUCTS & SERVICES
0023,TECHNOLOGY
0024,INDUSTRIAL PRODUCTS & SERVICES
0025,INDUSTRIAL PRODUCTS & SERVICES
0026,TECHNOLOGY
0028,INDUSTRIAL PRODUCTS & SERVICES
0029,TECHNOLOGY
0032,TELECOMMUNICATIONS & MEDIA
0034,TRANSPORTATION & LOGISTICS
0035,TELECOMMUNICATIONS & MEDIA
0036,TECHNOLOGY
0037,CONSUMER PRODUCTS & SERVICES
0038,INDUSTRIAL PRODUCTS & SERVICES
0039,INDUSTRIAL PRODUCTS & SERVICES
0040,TECHNOLOGY
0041,TECHNOLOGY
0043,INDUSTRIAL PRODUCTS & SERVICES
0045,CONSTRUCTION
0048,TRANSPORTATION & LOGISTICS
0049,CONSUMER PRODUCTS & SERVICES
0050,TECHNOLOGY
0051,TECHNOLOGY
0053,FINANCIAL SERVICES
0054,INDUSTRIAL PRODUCTS & SERVICES
0055,INDUSTRIAL PRODUCTS & SERVICES
0056,PROPERTY
0058,INDUSTRIAL PRODUCTS & SERVICES
0059,TELECOMMUNICATIONS & MEDIA
0060,TECHNOLOGY
0064,INDUSTRIAL PRODUCTS & SERVICES
0065,TECHNOLOGY
0066,TECHNOLOGY
0068,TECHNOLOGY
0069,TECHNOLOGY
0070,TECHNOLOGY
0072,INDUSTRIAL PRODUCTS & SERVICES
0074,CONSUMER PRODUCTS & SERVICES
0075,HEALTH CARE
0078,TRANSPORTATION & LOGISTICS
0079,TECHNOLOGY
0080,TRANSPORTATION & LOGISTICS
0081,INDUSTRIAL PRODUCTS & SERVICES
0082,TELECOMMUNICATIONS & MEDIA
0083,TECHNOLOGY
0084,INDUSTRIAL PRODUCTS & SERVICES
0085,TECHNOLOGY
0086,TECHNOLOGY
0089,INDUSTRIAL PRODUCTS & SERVICES
0090,TECHNOLOGY
0091,ENERGY
0092,TELECOMMUNICATIONS & MEDIA
0093,TECHNOLOGY
0094,TECHNOLOGY
0095,CONSUMER PRODUCTS & SERVICES
0096,TELECOMMUNICATIONS & MEDIA
0097,TECHNOLOGY
0098,INDUSTRIAL PRODUCTS & SERVICES
0099,INDUSTRIAL PRODUCTS & SERVICES
0100,INDUSTRIAL PRODUCTS & SERVICES
0101,HEALTH CARE
0102,CONSTRUCTION
0103,TELECOMMUNICATIONS & MEDIA
0104,TECHNOLOGY
0105,INDUSTRIAL PRODUCTS & SERVICES
0106,TECHNOLOGY
0107,TECHNOLOGY
0108,TECHNOLOGY
0109,CONSTRUCTION
0111,TECHNOLOGY
0112,TECHNOLOGY
0113,TECHNOLOGY
0116,CONSUMER PRODUCTS & SERVICES
0117,TECHNOLOGY
0118,ENERGY
0119,TECHNOLOGY
0120,TECHNOLOGY
0122,INDUSTRIAL PRODUCTS & SERVICES
0123,TELECOMMUNICATIONS & MEDIA
0126,TECHNOLOGY
0127,TECHNOLOGY
0128,TECHNOLOGY
0129,TELECOMMUNICATIONS & MEDIA
0131,TECHNOLOGY
0132,TECHNOLOGY
0133,INDUSTRIAL PRODUCTS & SERVICES
0136,CONSUMER PRODUCTS & SERVICES
0138,TECHNOLOGY
0140,CONSUMER PRODUCTS & SERVICES
0143,TECHNOLOGY
0145,TECHNOLOGY
0146,TECHNOLOGY
0147,TELECOMMUNICATIONS & MEDIA
0148,CONSUMER PRODUCTS & SERVICES
0149,INDUSTRIAL PRODUCTS & SERVICES
0150,FINANCIAL SERVICES
0151,INDUSTRIAL PRODUCTS & SERVICES
0152,TECHNOLOGY
0153,CONSUMER PRODUCTS & SERVICES
0154,TECHNOLOGY
0155,HEALTH CARE
0156,TECHNOLOGY
0157,CONSUMER PRODUCTS & SERVICES
0158,CONSUMER PRODUCTS & SERVICES
0159,TELECOMMUNICATIONS & MEDIA
0160,INDUSTRIAL PRODUCTS & SERVICES
0161,INDUSTRIAL PRODUCTS & SERVICES
0162,CONSTRUCTION
0163,HEALTH CARE
0165,TELECOMMUNICATIONS & MEDIA
0166,TECHNOLOGY
0167,INDUSTRIAL PRODUCTS & SERVICES
0168,ENERGY
0169,TECHNOLOGY
0170,CONSUMER PRODUCTS & SERVICES
0171,CONSUMER PRODUCTS & SERVICES
0172,TELECOMMUNICATIONS & MEDIA
0173,TELECOMMUNICATIONS & MEDIA
0174,TECHNOLOGY
0175,INDUSTRIAL PRODUCTS & SERVICES
0176,TECHNOLOGY
0177,INDUSTRIAL PRODUCTS & SERVICES
0178,CONSUMER PRODUCTS & SERVICES
0179,CONSUMER PRODUCTS & SERVICES
0180,CONSUMER PRODUCTS & SERVICES
0181,TECHNOLOGY
0182,HEALTH CARE
0183,CONSUMER PRODUCTS & SERVICES
0185,INDUSTRIAL PRODUCTS & SERVICES
0186,CONSUMER PRODUCTS & SERVICES
0187,INDUSTRIAL PRODUCTS & SERVICES
0188,INDUSTRIAL PRODUCTS & SERVICES
0189,PLANTATION
0190,INDUSTRIAL PRODUCTS & SERVICES
0191,TECHNOLOGY
0192,CONSTRUCTION
0193,ENERGY
0195,TELECOMMUNICATIONS & MEDIA
0196,INDUSTRIAL PRODUCTS & SERVICES
0197,CONSUMER PRODUCTS & SERVICES
0198,CONSTRUCTION
0199,TRANSPORTATION & LOGISTICS
0200,TECHNOLOGY
0201,HEALTH CARE
0202,TECHNOLOGY
0203,TECHNOLOGY
0205,CONSUMER PRODUCTS & SERVICES
0206,CONSTRUCTION
0207,INDUSTRIAL PRODUCTS & SERVICES
0208,TECHNOLOGY
0209,TECHNOLOGY
0210,CONSUMER PRODUCTS & SERVICES
0211,INDUSTRIAL PRODUCTS & SERVICES
0212,CONSUMER PRODUCTS & SERVICES
0213,INDUSTRIAL PRODUCTS & SERVICES
0215,ENERGY
0216,CONSUMER PRODUCTS & SERVICES
0217,INDUSTRIAL PRODUCTS & SERVICES
0218,INDUSTRIAL PRODUCTS & SERVICES
0219,ENERGY
0220,ENERGY
0221,CONSTRUCTION
0222,HEALTH CARE
0223,ENERGY
0225,INDUSTRIAL PRODUCTS & SERVICES
0226,CONSTRUCTION
0227,INDUSTRIAL PRODUCTS & SERVICES
0228,INDUSTRIAL PRODUCTS & SERVICES
0229,CONSUMER PRODUCTS & SERVICES
0230,PROPERTY
0231,INDUSTRIAL PRODUCTS & SERVICES
0232,INDUSTRIAL PRODUCTS & SERVICES
0233,ENERGY
0235,CONSTRUCTION
0236,TECHNOLOGY
0237,CONSTRUCTION
0238,INDUSTRIAL PRODUCTS & SERVICES
0239,CONSUMER PRODUCTS & SERVICES
0240,INDUSTRIAL PRODUCTS & SERVICES
0241,CONSTRUCTION
0242,FINANCIAL SERVICES
0243,HEALTH CARE
0245,CONSTRUCTION
0246,TECHNOLOGY
0247,INDUSTRIAL PRODUCTS & SERVICES
0248,INDUSTRIAL PRODUCTS & SERVICES
0249,TECHNOLOGY
0250,CONSUMER PRODUCTS & SERVICES
0251,TECHNOLOGY
0252,CONSUMER PRODUCTS & SERVICES
0253,TECHNOLOGY
0255,INDUSTRIAL PRODUCTS & SERVICES
0256,HEALTH CARE
0257,INDUSTRIAL PRODUCTS & SERVICES
0258,TECHNOLOGY
0259,TECHNOLOGY
0260,CONSUMER PRODUCTS & SERVICES
0261,INDUSTRIAL PRODUCTS & SERVICES
0262,ENERGY
0263,INDUSTRIAL PRODUCTS & SERVICES
0265,TECHNOLOGY
0266,INDUSTRIAL PRODUCTS & SERVICES
0267,TECHNOLOGY
0268,INDUSTRIAL PRODUCTS & SERVICES
0269,INDUSTRIAL PRODUCTS & SERVICES
0270,INDUSTRIAL PRODUCTS & SERVICES
0271,CONSUMER PRODUCTS & SERVICES
0272,TECHNOLOGY
0273,CONSTRUCTION
0275,TECHNOLOGY
0276,TECHNOLOGY
0277,TECHNOLOGY
0278,TECHNOLOGY
0279,CONSUMER PRODUCTS & SERVICES
0280,CONSUMER PRODUCTS & SERVICES
0281,CONSUMER PRODUCTS & SERVICES
0282,TRANSPORTATION & LOGISTICS
0283,HEALTH CARE
0284,INDUSTRIAL PRODUCTS & SERVICES
0285,FINANCIAL SERVICES
0286,FINANCIAL SERVICES
0287,CONSUMER PRODUCTS & SERVICES
0288,INDUSTRIAL PRODUCTS & SERVICES
0289,INDUSTRIAL PRODUCTS & SERVICES
0290,TECHNOLOGY
0291,INDUSTRIAL PRODUCTS & SERVICES
0292,CONSTRUCTION
0293,INDUSTRIAL PRODUCTS & SERVICES
0295,INDUSTRIAL PRODUCTS & SERVICES
0296,INDUSTRIAL PRODUCTS & SERVICES
0297,INDUSTRIAL PRODUCTS & SERVICES
0298,INDUSTRIAL PRODUCTS & SERVICES
0299,TRANSPORTATION & LOGISTICS
0300,CONSUMER PRODUCTS & SERVICES
0301,INDUSTRIAL PRODUCTS & SERVICES
0302,INDUSTRIAL PRODUCTS & SERVICES
0303,HEALTH CARE
0304,CONSUMER PRODUCTS & SERVICES
0305,TRANSPORTATION & LOGISTICS
03058,TECHNOLOGY
03059,FINANCIAL SERVICES
0306,INDUSTRIAL PRODUCTS & SERVICES
03060,INDUSTRIAL PRODUCTS & SERVICES
03061,INDUSTRIAL PRODUCTS & SERVICES
03062,INDUSTRIAL PRODUCTS & SERVICES
03063,CONSUMER PRODUCTS & SERVICES
03064,CONSUMER PRODUCTS & SERVICES
03065,CONSTRUCTION
03066,TECHNOLOGY
03067,INDUSTRIAL PRODUCTS & SERVICES
03068,CONSUMER PRODUCTS & SERVICES
03069,TECHNOLOGY
0307,INDUSTRIAL PRODUCTS & SERVICES
03070,FINANCIAL SERVICES
03071,CONSUMER PRODUCTS & SERVICES
03072,CONSUMER PRODUCTS & SERVICES
03073,CONSTRUCTION
0308,PROPERTY
0309,CONSUMER PRODUCTS & SERVICES
0310,CONSTRUCTION
0311,TECHNOLOGY
0312,CONSUMER PRODUCTS & SERVICES
0313,INDUSTRIAL PRODUCTS & SERVICES
0315,TELECOMMUNICATIONS & MEDIA
0316,CONSUMER PRODUCTS & SERVICES
0317,INDUSTRIAL PRODUCTS & SERVICES
0318,ENERGY
0319,TECHNOLOGY
0320,ENERGY
0321,INDUSTRIAL PRODUCTS & SERVICES
0322,INDUSTRIAL PRODUCTS & SERVICES
0323,INDUSTRIAL PRODUCTS & SERVICES
0325,INDUSTRIAL PRODUCTS & SERVICES
0326,CONSUMER PRODUCTS & SERVICES
0327,CONSUMER PRODUCTS & SERVICES
0328,TECHNOLOGY
0329,HEALTH CARE
0330,CONSUMER PRODUCTS & SERVICES
0331,INDUSTRIAL PRODUCTS & SERVICES
0332,HEALTH CARE
0333,CONSUMER PRODUCTS & SERVICES
0335,CONSUMER PRODUCTS & SERVICES
0336,INDUSTRIAL PRODUCTS & SERVICES
0337,INDUSTRIAL PRODUCTS & SERVICES
0338,CONSUMER PRODUCTS & SERVICES
0339,INDUSTRIAL PRODUCTS & SERVICES
0340,ENERGY
0341,INDUSTRIAL PRODUCTS & SERVICES
0342,CONSUMER PRODUCTS & SERVICES
0343,TECHNOLOGY
0345,CONSTRUCTION
0346,INDUSTRIAL PRODUCTS & SERVICES
0347,CONSTRUCTION
0348,INDUSTRIAL PRODUCTS & SERVICES
0349,INDUSTRIAL PRODUCTS & SERVICES
0350,INDUSTRIAL PRODUCTS & SERVICES
0351,CONSTRUCTION
0352,INDUSTRIAL PRODUCTS & SERVICES
0353,INDUSTRIAL PRODUCTS & SERVICES
0355,INDUSTRIAL PRODUCTS & SERVICES
0356,CONSUMER PRODUCTS & SERVICES
0357,CONSUMER PRODUCTS & SERVICES
0358,TECHNOLOGY
0359,CONSTRUCTION
0360,CONSTRUCTION
0361,INDUSTRIAL PRODUCTS & SERVICES
0362,INDUSTRIAL PRODUCTS & SERVICES
0363,HEALTH CARE
0365,CONSUMER PRODUCTS & SERVICES
0366,INDUSTRIAL PRODUCTS & SERVICES
0367,ENERGY
0368,INDUSTRIAL PRODUCTS & SERVICES
0369,ENERGY
0370,INDUSTRIAL PRODUCTS & SERVICES
0371,CONSUMER PRODUCTS & SERVICES
0372,CONSTRUCTION
0373,ENERGY
0375,TECHNOLOGY
0376,INDUSTRIAL PRODUCTS & SERVICES
0377,INDUSTRIAL PRODUCTS & SERVICES
0378,CONSUMER PRODUCTS & SERVICES
0379,INDUSTRIAL PRODUCTS & SERVICES
0380,CONSUMER PRODUCTS & SERVICES
0381,INDUSTRIAL PRODUCTS & SERVICES
0382,TELECOMMUNICATIONS & MEDIA
0383,INDUSTRIAL PRODUCTS & SERVICES
0385,CONSUMER PRODUCTS & SERVICES
0386,TELECOMMUNICATIONS & MEDIA
0387,CONSUMER PRODUCTS & SERVICES
0388,CONSUMER PRODUCTS & SERVICES
0389,INDUSTRIAL PRODUCTS & SERVICES
0390,INDUSTRIAL PRODUCTS & SERVICES
0391,INDUSTRIAL PRODUCTS & SERVICES
0392,INDUSTRIAL PRODUCTS & SERVICES
0393,CONSUMER PRODUCTS & SERVICES
0395,TECHNOLOGY
0396,CONSTRUCTION
0397,INDUSTRIAL PRODUCTS & SERVICES
0398,CONSUMER PRODUCTS & SERVICES
0399,INDUSTRIAL PRODUCTS & SERVICES
0450,CONSUMER PRODUCTS & SERVICES
0451,CONSTRUCTION
0452,PROPERTY
0453,INDUSTRIAL PRODUCTS & SERVICES
0455,INDUSTRIAL PRODUCTS & SERVICES
0456,TECHNOLOGY
0457,TECHNOLOGY
0458,ENERGY
0459,INDUSTRIAL PRODUCTS & SERVICES
0460,CONSUMER PRODUCTS & SERVICES
0461,CONSUMER PRODUCTS & SERVICES
0462,INDUSTRIAL PRODUCTS & SERVICES
0463,INDUSTRIAL PRODUCTS & SERVICES
0465,CONSUMER PRODUCTS & SERVICES
0466,TECHNOLOGY
0467,CONSUMER PRODUCTS & SERVICES
0468,ENERGY
0469,INDUSTRIAL PRODUCTS & SERVICES
0470,CONSUMER PRODUCTS & SERVICES
0471,INDUSTRIAL PRODUCTS & SERVICES
1015,FINANCIAL SERVICES
1023,FINANCIAL SERVICES
1058,FINANCIAL SERVICES
1066,FINANCIAL SERVICES
1082,FINANCIAL SERVICES
1147,PROPERTY
1155,FINANCIAL SERVICES
1163,FINANCIAL SERVICES
1171,FINANCIAL SERVICES
1198,FINANCIAL SERVICES
1287,CONSUMER PRODUCTS & SERVICES
1295,FINANCIAL SERVICES
1368,HEALTH CARE
1481,CONSUMER PRODUCTS & SERVICES
1503,PROPERTY
1538,PROPERTY
1562,CONSUMER PRODUCTS & SERVICES
1589,PROPERTY
1619,CONSUMER PRODUCTS & SERVICES
1643,CONSUMER PRODUCTS & SERVICES
1651,PROPERTY
1694,PROPERTY
1724,PROPERTY
1818,FINANCIAL SERVICES
1899,PLANTATION
1902,PLANTATION
1929,PLANTATION
1961,PLANTATION
1996,PLANTATION
2038,PLANTATION
2054,PLANTATION
2062,TRANSPORTATION & LOGISTICS
2089,PLANTATION
2097,CONSUMER PRODUCTS & SERVICES
2127,INDUSTRIAL PRODUCTS & SERVICES
2135,PLANTATION
2143,FINANCIAL SERVICES
2186,PROPERTY
2224,PROPERTY
2259,PROPERTY
2283,CONSTRUCTION
2291,PLANTATION
2305,PROPERTY
2429,PROPERTY
2445,PLANTATION
2453,PLANTATION
2488,FINANCIAL SERVICES
2542,PLANTATION
2569,PLANTATION
2593,PLANTATION
2607,PLANTATION
2658,CONSUMER PRODUCTS & SERVICES
2674,INDUSTRIAL PRODUCTS & SERVICES
2682,PROPERTY
2739,ENERGY
2755,CONSUMER PRODUCTS & SERVICES
2828,CONSUMER PRODUCTS & SERVICES
2836,CONSUMER PRODUCTS & SERVICES
2852,INDUSTRIAL PRODUCTS & SERVICES
2984,INDUSTRIAL PRODUCTS & SERVICES
3001,TECHNOLOGY
3002,TECHNOLOGY
3005,HEALTH CARE
3006,HEALTH CARE
3008,TECHNOLOGY
3009,CONSUMER PRODUCTS & SERVICES
3011,TECHNOLOGY
3012,CONSUMER PRODUCTS & SERVICES
3013,HEALTH CARE
3015,INDUSTRIAL PRODUCTS & SERVICES
3016,CONSUMER PRODUCTS & SERVICES
3017,CONSTRUCTION
3018,CONSUMER PRODUCTS & SERVICES
3019,CONSUMER PRODUCTS & SERVICES
3021,CONSUMER PRODUCTS & SERVICES
3022,TECHNOLOGY
3023,HEALTH CARE
3024,INDUSTRIAL PRODUCTS & SERVICES
3025,INDUSTRIAL PRODUCTS & SERVICES
3026,CONSUMER PRODUCTS & SERVICES
3027,INDUSTRIAL PRODUCTS & SERVICES
3028,TECHNOLOGY
3029,INDUSTRIAL PRODUCTS & SERVICES
3030,TECHNOLOGY
3031,INDUSTRIAL PRODUCTS & SERVICES
3032,CONSUMER PRODUCTS & SERVICES
3033,INDUSTRIAL PRODUCTS & SERVICES
3034,INDUSTRIAL PRODUCTS & SERVICES
3036,TECHNOLOGY
3037,CONSUMER PRODUCTS & SERVICES
3038,TECHNOLOGY
3039,TECHNOLOGY
3040,INDUSTRIAL PRODUCTS & SERVICES
3041,TECHNOLOGY
3042,ENERGY
3043,INDUSTRIAL PRODUCTS & SERVICES
3045,TECHNOLOGY
3046,TECHNOLOGY
3047,CONSTRUCTION
3048,CONSUMER PRODUCTS & SERVICES
3049,INDUSTRIAL PRODUCTS & SERVICES
3050,CONSTRUCTION
3051,CONSUMER PRODUCTS & SERVICES
3052,INDUSTRIAL PRODUCTS & SERVICES
3053,CONSUMER PRODUCTS & SERVICES
3054,CONSUMER PRODUCTS & SERVICES
3055,PLANTATION
3056,INDUSTRIAL PRODUCTS & SERVICES
3057,TECHNOLOGY
3069,UTILITIES
3107,INDUSTRIAL PRODUCTS & SERVICES
3158,PROPERTY
3174,PROPERTY
3182,CONSUMER PRODUCTS & SERVICES
3204,CONSTRUCTION
3239,PROPERTY
3247,INDUSTRIAL PRODUCTS & SERVICES
3255,CONSUMER PRODUCTS & SERVICES
3298,INDUSTRIAL PRODUCTS & SERVICES
3301,CONSUMER PRODUCTS & SERVICES
3336,CONSTRUCTION
3379,FINANCIAL SERVICES
3395,INDUSTRIAL PRODUCTS & SERVICES
3417,PROPERTY
3441,FINANCIAL SERVICES
3476,INDUSTRIAL PRODUCTS & SERVICES
3514,CONSUMER PRODUCTS & SERVICES
3557,PROPERTY
3565,CONSTRUCTION
3573,PROPERTY
3611,PROPERTY
3662,CONSUMER PRODUCTS & SERVICES
3689,CONSUMER PRODUCTS & SERVICES
3719,CONSUMER PRODUCTS & SERVICES
3743,PROPERTY
3778,INDUSTRIAL PRODUCTS & SERVICES
3794,INDUSTRIAL PRODUCTS & SERVICES
3816,TRANSPORTATION & LOGISTICS
3859,CONSUMER PRODUCTS & SERVICES
3867,TECHNOLOGY
3883,INDUSTRIAL PRODUCTS & SERVICES
3891,CONSUMER PRODUCTS & SERVICES
3905,CONSUMER PRODUCTS & SERVICES
3913,PROPERTY
3948,PLANTATION
4006,CONSUMER PRODUCTS & SERVICES
4022,PROPERTY
4057,PROPERTY
4065,CONSUMER PRODUCTS & SERVICES
4081,CONSUMER PRODUCTS & SERVICES
4162,CONSUMER PRODUCTS & SERVICES
4197,CONSUMER PRODUCTS & SERVICES
4219,CONSUMER PRODUCTS & SERVICES
4235,INDUSTRIAL PRODUCTS & SERVICES
4243,INDUSTRIAL PRODUCTS & SERVICES
4251,PROPERTY
4286,PROPERTY
4316,PLANTATION
4324,ENERGY
4359,TECHNOLOGY
4375,PROPERTY
4383,PLANTATION
4405,CONSUMER PRODUCTS & SERVICES
4456,TECHNOLOGY
4464,PROPERTY
4502,TELECOMMUNICATIONS & MEDIA
4588,INDUSTRIAL PRODUCTS & SERVICES
4596,PROPERTY
4634,TRANSPORTATION & LOGISTICS
4677,UTILITIES
4707,CONSUMER PRODUCTS & SERVICES
4715,CONSUMER PRODUCTS & SERVICES
4723,CONSTRUCTION
4731,INDUSTRIAL PRODUCTS & SERVICES
4758,INDUSTRIAL PRODUCTS & SERVICES
4847,CONSTRUCTION
4863,TELECOMMUNICATIONS & MEDIA
4936,PLANTATION
4944,CONSUMER PRODUCTS & SERVICES
4995,CONSUMER PRODUCTS & SERVICES
5000,INDUSTRIAL PRODUCTS & SERVICES
5001,INDUSTRIAL PRODUCTS & SERVICES
5005,TECHNOLOGY
5006,CONSTRUCTION
5007,INDUSTRIAL PRODUCTS & SERVICES
5008,CONSUMER PRODUCTS & SERVICES
5009,INDUSTRIAL PRODUCTS & SERVICES
5010,INDUSTRIAL PRODUCTS & SERVICES
5011,TECHNOLOGY
5012,PLANTATION
5014,TRANSPORTATION & LOGISTICS
5015,INDUSTRIAL PRODUCTS & SERVICES
5016,CONSUMER PRODUCTS & SERVICES
5020,PROPERTY
5021,INDUSTRIAL PRODUCTS & SERVICES
5022,CONSUMER PRODUCTS & SERVICES
5024,CONSUMER PRODUCTS & SERVICES
5025,CONSUMER PRODUCTS & SERVICES
5026,PLANTATION
5027,PLANTATION
5028,TECHNOLOGY
5029,PLANTATION
5031,TELECOMMUNICATIONS & MEDIA
5032,TRANSPORTATION & LOGISTICS
5035,INDUSTRIAL PRODUCTS & SERVICES
5036,TECHNOLOGY
5037,INDUSTRIAL PRODUCTS & SERVICES
5038,PROPERTY
5040,PROPERTY
5041,UTILITIES
5042,CONSTRUCTION
5047,INDUSTRIAL PRODUCTS & SERVICES
5048,INDUSTRIAL PRODUCTS & SERVICES
5049,PROPERTY
5053,PROPERTY
5054,CONSTRUCTION
5056,INDUSTRIAL PRODUCTS & SERVICES
5062,PROPERTY
5065,INDUSTRIAL PRODUCTS & SERVICES
5066,CONSUMER PRODUCTS & SERVICES
5068,INDUSTRIAL PRODUCTS & SERVICES
5069,PLANTATION
5070,CONSTRUCTION
5071,ENERGY
5072,INDUSTRIAL PRODUCTS & SERVICES
5073,PROPERTY
5075,PROPERTY
5077,TRANSPORTATION & LOGISTICS
5078,TRANSPORTATION & LOGISTICS
5079,CONSUMER PRODUCTS & SERVICES
5080,CONSUMER PRODUCTS & SERVICES
5081,CONSUMER PRODUCTS & SERVICES
5082,FINANCIAL SERVICES
5084,PROPERTY
5085,CONSTRUCTION
5087,INDUSTRIAL PRODUCTS & SERVICES
5088,FINANCIAL SERVICES
5090,TELECOMMUNICATIONS & MEDIA
5094,INDUSTRIAL PRODUCTS & SERVICES
5095,INDUSTRIAL PRODUCTS & SERVICES
5098,INDUSTRIAL PRODUCTS & SERVICES
5099,CONSUMER PRODUCTS & SERVICES
5100,INDUSTRIAL PRODUCTS & SERVICES
5101,INDUSTRIAL PRODUCTS & SERVICES
5102,CONSUMER PRODUCTS & SERVICES
5104,CONSUMER PRODUCTS & SERVICES
5105,INDUSTRIAL PRODUCTS & SERVICES
5106,REAL ESTATE INVESTMENT TRUSTS
5107,CONSUMER PRODUCTS & SERVICES
5108,CLOSED-END FUND
5109,REAL ESTATE INVESTMENT TRUSTS
5110,REAL ESTATE INVESTMENT TRUSTS
5111,REAL ESTATE INVESTMENT TRUSTS
5112,PLANTATION
5113,PLANTATION
5115,ENERGY
5120,REAL ESTATE INVESTMENT TRUSTS
5121,REAL ESTATE INVESTMENT TRUSTS
5123,REAL ESTATE INVESTMENT TRUSTS
5125,INDUSTRIAL PRODUCTS & SERVICES
5126,PLANTATION
5127,REAL ESTATE INVESTMENT TRUSTS
5129,CONSTRUCTION
5130,REAL ESTATE INVESTMENT TRUSTS
5131,CONSUMER PRODUCTS & SERVICES
5132,ENERGY
5133,ENERGY
5134,INDUSTRIAL PRODUCTS & SERVICES
5135,PLANTATION
5136,TRANSPORTATION & LOGISTICS
5138,PLANTATION
5139,FINANCIAL SERVICES
5140,TRANSPORTATION & LOGISTICS
5141,ENERGY
5142,ENERGY
5143,INDUSTRIAL PRODUCTS & SERVICES
5145,TRANSPORTATION & LOGISTICS
5147,INDUSTRIAL PRODUCTS & SERVICES
5148,PROPERTY
5149,TRANSPORTATION & LOGISTICS
5151,INDUSTRIAL PRODUCTS & SERVICES
5152,INDUSTRIAL PRODUCTS & SERVICES
5156,CONSUMER PRODUCTS & SERVICES
5157,CONSUMER PRODUCTS & SERVICES
5159,CONSUMER PRODUCTS & SERVICES
5160,CONSUMER PRODUCTS & SERVICES
5161,TECHNOLOGY
5162,TECHNOLOGY
5163,INDUSTRIAL PRODUCTS & SERVICES
5165,INDUSTRIAL PRODUCTS & SERVICES
5166,CONSUMER PRODUCTS & SERVICES
5167,INDUSTRIAL PRODUCTS & SERVICES
5168,HEALTH CARE
5169,CONSTRUCTION
5170,INDUSTRIAL PRODUCTS & SERVICES
5171,CONSTRUCTION
5172,CONSTRUCTION
5173,TRANSPORTATION & LOGISTICS
5175,PROPERTY
5176,REAL ESTATE INVESTMENT TRUSTS
5178,INDUSTRIAL PRODUCTS & SERVICES
5180,REAL ESTATE INVESTMENT TRUSTS
5182,PROPERTY
5183,INDUSTRIAL PRODUCTS & SERVICES
5184,ENERGY
5185,FINANCIAL SERVICES
5186,ENERGY
5187,CONSUMER PRODUCTS & SERVICES
5188,CONSUMER PRODUCTS & SERVICES
5190,CONSTRUCTION
5191,PROPERTY
5192,INDUSTRIAL PRODUCTS & SERVICES
5195,TECHNOLOGY
5196,CONSUMER PRODUCTS & SERVICES
5197,INDUSTRIAL PRODUCTS & SERVICES
5198,INDUSTRIAL PRODUCTS & SERVICES
5199,ENERGY
5200,PROPERTY
5202,CONSUMER PRODUCTS & SERVICES
5204,TECHNOLOGY
5205,CONSTRUCTION
5207,PROPERTY
5208,INDUSTRIAL PRODUCTS & SERVICES
5209,UTILITIES
5210,ENERGY
5211,INDUSTRIAL PRODUCTS & SERVICES
5212,REAL ESTATE INVESTMENT TRUSTS
5213,CONSTRUCTION
5216,TECHNOLOGY
5218,ENERGY
5219,INDUSTRIAL PRODUCTS & SERVICES
5220,INDUSTRIAL PRODUCTS & SERVICES
5222,PLANTATION
5223,PLANTATION
5225,HEALTH CARE
5226,CONSTRUCTION
5227,REAL ESTATE INVESTMENT TRUSTS
5228,FINANCIAL SERVICES
5230,FINANCIAL SERVICES
5231,CONSUMER PRODUCTS & SERVICES
5232,INDUSTRIAL PRODUCTS & SERVICES
5236,PROPERTY
5237,PROPERTY
5238,CONSUMER PRODUCTS & SERVICES
5239,PROPERTY
5242,CONSUMER PRODUCTS & SERVICES
5243,ENERGY
5246,TRANSPORTATION & LOGISTICS
5247,CONSUMER PRODUCTS & SERVICES
5248,CONSUMER PRODUCTS & SERVICES
5249,PROPERTY
5252,TELECOMMUNICATIONS & MEDIA
5253,CONSTRUCTION
5254,PLANTATION
5255,ENERGY
5256,ENERGY
5257,ENERGY
5258,FINANCIAL SERVICES
5259,TRANSPORTATION & LOGISTICS
5260,CONSUMER PRODUCTS & SERVICES
5263,CONSTRUCTION
5264,UTILITIES
5265,CONSUMER PRODUCTS & SERVICES
5267,TRANSPORTATION & LOGISTICS
5269,REAL ESTATE INVESTMENT TRUSTS
5270,ENERGY
5271,INDUSTRIAL PRODUCTS & SERVICES
5272,UTILITIES
5273,INDUSTRIAL PRODUCTS & SERVICES
5274,FINANCIAL SERVICES
5275,CONSUMER PRODUCTS & SERVICES
5276,INDUSTRIAL PRODUCTS & SERVICES
5277,INDUSTRIAL PRODUCTS & SERVICES
5278,CONSUMER PRODUCTS & SERVICES
5279,ENERGY
5280,REAL ESTATE INVESTMENT TRUSTS
5281,CONSTRUCTION
5283,PROPERTY
5284,INDUSTRIAL PRODUCTS & SERVICES
5285,PLANTATION
5286,TECHNOLOGY
5288,PROPERTY
5289,INDUSTRIAL PRODUCTS & SERVICES
5291,INDUSTRIAL PRODUCTS & SERVICES
5292,TECHNOLOGY
5293,CONSTRUCTION
5295,CONSUMER PRODUCTS & SERVICES
5296,CONSUMER PRODUCTS & SERVICES
5297,CONSTRUCTION
5298,INDUSTRIAL PRODUCTS & SERVICES
5299,REAL ESTATE INVESTMENT TRUSTS
5300,CONSUMER PRODUCTS & SERVICES
5301,TECHNOLOGY
5302,INDUSTRIAL PRODUCTS & SERVICES
5303,TRANSPORTATION & LOGISTICS
5305,CONSUMER PRODUCTS & SERVICES
5306,CONSUMER PRODUCTS & SERVICES
5307,REAL ESTATE INVESTMENT TRUSTS
5308,INDUSTRIAL PRODUCTS & SERVICES
5309,TECHNOLOGY
5310,CONSTRUCTION
5311,INDUSTRIAL PRODUCTS & SERVICES
5313,PROPERTY
5315,PROPERTY
5316,CONSUMER PRODUCTS & SERVICES
5317,INDUSTRIAL PRODUCTS & SERVICES
5318,CONSUMER PRODUCTS & SERVICES
5347,UTILITIES
5371,INDUSTRIAL PRODUCTS & SERVICES
5398,CONSTRUCTION
5401,PROPERTY
5436,INDUSTRIAL PRODUCTS & SERVICES
5517,CONSUMER PRODUCTS & SERVICES
5533,CONSUMER PRODUCTS & SERVICES
5568,INDUSTRIAL PRODUCTS & SERVICES
5576,INDUSTRIAL PRODUCTS & SERVICES
5592,CONSUMER PRODUCTS & SERVICES
5606,PROPERTY
5614,ENERGY
5622,CONSTRUCTION
5649,INDUSTRIAL PRODUCTS & SERVICES
5657,CONSUMER PRODUCTS & SERVICES
5665,INDUSTRIAL PRODUCTS & SERVICES
5673,INDUSTRIAL PRODUCTS & SERVICES
5681,CONSUMER PRODUCTS & SERVICES
5703,CONSTRUCTION
5738,PROPERTY
5789,PROPERTY
5797,INDUSTRIAL PRODUCTS & SERVICES
5819,FINANCIAL SERVICES
5827,PROPERTY
5843,INDUSTRIAL PRODUCTS & SERVICES
5878,HEALTH CARE
5908,CONSUMER PRODUCTS & SERVICES
5916,INDUSTRIAL PRODUCTS & SERVICES
5932,CONSTRUCTION
5983,CONSUMER PRODUCTS & SERVICES
6009,FINANCIAL SERVICES
6012,TELECOMMUNICATIONS & MEDIA
6017,PROPERTY
6033,UTILITIES
6041,PROPERTY
6068,CONSUMER PRODUCTS & SERVICES
6076,PROPERTY
6084,TELECOMMUNICATIONS & MEDIA
6114,PROPERTY
6139,FINANCIAL SERVICES
6149,INDUSTRIAL PRODUCTS & SERVICES
6173,PROPERTY
6181,PROPERTY
6203,CONSUMER PRODUCTS & SERVICES
6211,INDUSTRIAL PRODUCTS & SERVICES
6254,TRANSPORTATION & LOGISTICS
6262,PLANTATION
6297,INDUSTRIAL PRODUCTS & SERVICES
6351,CONSUMER PRODUCTS & SERVICES
6378,PROPERTY
6399,TELECOMMUNICATIONS & MEDIA
6432,CONSUMER PRODUCTS & SERVICES
6459,FINANCIAL SERVICES
6483,FINANCIAL SERVICES
6491,INDUSTRIAL PRODUCTS & SERVICES
6521,TRANSPORTATION & LOGISTICS
6556,INDUSTRIAL PRODUCTS & SERVICES
6599,CONSUMER PRODUCTS & SERVICES
6602,PROPERTY
6633,CONSUMER PRODUCTS & SERVICES
6637,INDUSTRIAL PRODUCTS & SERVICES
6718,PROPERTY
6742,UTILITIES
6769,PROPERTY
6807,CONSTRUCTION
6815,PROPERTY
6874,INDUSTRIAL PRODUCTS & SERVICES
6888,TELECOMMUNICATIONS & MEDIA
6904,INDUSTRIAL PRODUCTS & SERVICES
6912,PROPERTY
6939,CONSUMER PRODUCTS & SERVICES
6947,TELECOMMUNICATIONS & MEDIA
6963,INDUSTRIAL PRODUCTS & SERVICES
6971,INDUSTRIAL PRODUCTS & SERVICES
6998,INDUSTRIAL PRODUCTS & SERVICES
7003,PROPERTY
7004,INDUSTRIAL PRODUCTS & SERVICES
7005,INDUSTRIAL PRODUCTS & SERVICES
7006,CONSUMER PRODUCTS & SERVICES
7007,PROPERTY
7010,PROPERTY
7013,TRANSPORTATION & LOGISTICS
7014,INDUSTRIAL PRODUCTS & SERVICES
7016,INDUSTRIAL PRODUCTS & SERVICES
7017,INDUSTRIAL PRODUCTS & SERVICES
7018,INDUSTRIAL PRODUCTS & SERVICES
7020,INDUSTRIAL PRODUCTS & SERVICES
7022,TECHNOLOGY
7025,INDUSTRIAL PRODUCTS & SERVICES
7028,CONSTRUCTION
7029,INDUSTRIAL PRODUCTS & SERVICES
7031,TELECOMMUNICATIONS & MEDIA
7033,INDUSTRIAL PRODUCTS & SERVICES
7034,INDUSTRIAL PRODUCTS & SERVICES
7035,CONSUMER PRODUCTS & SERVICES
7036,INDUSTRIAL PRODUCTS & SERVICES
7043,INDUSTRIAL PRODUCTS & SERVICES
7045,ENERGY
7047,CONSTRUCTION
7048,CONSUMER PRODUCTS & SERVICES
7050,INDUSTRIAL PRODUCTS & SERVICES
7052,CONSUMER PRODUCTS & SERVICES
7053,TRANSPORTATION & LOGISTICS
7054,PLANTATION
7055,PROPERTY
7060,CONSUMER PRODUCTS & SERVICES
7062,CONSUMER PRODUCTS & SERVICES
7066,PROPERTY
7070,CONSTRUCTION
7071,CONSTRUCTION
7073,INDUSTRIAL PRODUCTS & SERVICES
7076,INDUSTRIAL PRODUCTS & SERVICES
7077,PROPERTY
7078,CONSTRUCTION
7079,PROPERTY
7080,CONSUMER PRODUCTS & SERVICES
7081,HEALTH CARE
7082,FINANCIAL SERVICES
7083,INDUSTRIAL PRODUCTS & SERVICES
7084,CONSUMER PRODUCTS & SERVICES
7085,CONSUMER PRODUCTS & SERVICES
7087,CONSUMER PRODUCTS & SERVICES
7088,CONSUMER PRODUCTS & SERVICES
7089,CONSUMER PRODUCTS & SERVICES
7090,HEALTH CARE
7091,INDUSTRIAL PRODUCTS & SERVICES
7094,CONSUMER PRODUCTS & SERVICES
7095,INDUSTRIAL PRODUCTS & SERVICES
7096,INDUSTRIAL PRODUCTS & SERVICES
7097,INDUSTRIAL PRODUCTS & SERVICES
7099,INDUSTRIAL PRODUCTS & SERVICES
7100,INDUSTRIAL PRODUCTS & SERVICES
7103,CONSUMER PRODUCTS & SERVICES
7105,PROPERTY
7106,HEALTH CARE
7107,CONSUMER PRODUCTS & SERVICES
7108,ENERGY
7113,HEALTH CARE
7115,INDUSTRIAL PRODUCTS & SERVICES
7117,TRANSPORTATION & LOGISTICS
7120,PROPERTY
7121,CONSUMER PRODUCTS & SERVICES
7123,INDUSTRIAL PRODUCTS & SERVICES
7128,CONSUMER PRODUCTS & SERVICES
7129,CONSUMER PRODUCTS & SERVICES
7130,CONSTRUCTION
7131,PROPERTY
7132,INDUSTRIAL PRODUCTS & SERVICES
7133,INDUSTRIAL PRODUCTS & SERVICES
7134,CONSUMER PRODUCTS & SERVICES
7137,INDUSTRIAL PRODUCTS & SERVICES
7139,CONSUMER PRODUCTS & SERVICES
7140,INDUSTRIAL PRODUCTS & SERVICES
7145,CONSTRUCTION
7146,INDUSTRIAL PRODUCTS & SERVICES
7148,HEALTH CARE
7149,CONSUMER PRODUCTS & SERVICES
7152,CONSUMER PRODUCTS & SERVICES
7153,HEALTH CARE
7154,CONSUMER PRODUCTS & SERVICES
7155,INDUSTRIAL PRODUCTS & SERVICES
7157,INDUSTRIAL PRODUCTS & SERVICES
7160,TECHNOLOGY
7161,CONSTRUCTION
7162,INDUSTRIAL PRODUCTS & SERVICES
7163,INDUSTRIAL PRODUCTS & SERVICES
7164,INDUSTRIAL PRODUCTS & SERVICES
7165,INDUSTRIAL PRODUCTS & SERVICES
7167,CONSUMER PRODUCTS & SERVICES
7168,CONSUMER PRODUCTS & SERVICES
7169,INDUSTRIAL PRODUCTS & SERVICES
7170,INDUSTRIAL PRODUCTS & SERVICES
7172,INDUSTRIAL PRODUCTS & SERVICES
7173,INDUSTRIAL PRODUCTS & SERVICES
7174,CONSUMER PRODUCTS & SERVICES
7176,CONSUMER PRODUCTS & SERVICES
7178,HEALTH CARE
7179,PROPERTY
7180,CONSUMER PRODUCTS & SERVICES
7181,TECHNOLOGY
7183,INDUSTRIAL PRODUCTS & SERVICES
7184,CONSUMER PRODUCTS & SERVICES
7186,CONSUMER PRODUCTS & SERVICES
7187,PROPERTY
7188,INDUSTRIAL PRODUCTS & SERVICES
7191,HEALTH CARE
7192,INDUSTRIAL PRODUCTS & SERVICES
7195,CONSTRUCTION
7197,INDUSTRIAL PRODUCTS & SERVICES
7198,PROPERTY
7199,INDUSTRIAL PRODUCTS & SERVICES
7200,CONSUMER PRODUCTS & SERVICES
7201,INDUSTRIAL PRODUCTS & SERVICES
7202,CONSUMER PRODUCTS & SERVICES
7203,CONSUMER PRODUCTS & SERVICES
7204,TECHNOLOGY
7207,INDUSTRIAL PRODUCTS & SERVICES
7208,CONSUMER PRODUCTS & SERVICES
7209,CONSUMER PRODUCTS & SERVICES
7210,TRANSPORTATION & LOGISTICS
7211,CONSUMER PRODUCTS & SERVICES
7212,INDUSTRIAL PRODUCTS & SERVICES
7214,INDUSTRIAL PRODUCTS & SERVICES
7215,CONSUMER PRODUCTS & SERVICES
7216,CONSUMER PRODUCTS & SERVICES
7217,INDUSTRIAL PRODUCTS & SERVICES
7218,TRANSPORTATION & LOGISTICS
7219,INDUSTRIAL PRODUCTS & SERVICES
7221,INDUSTRIAL PRODUCTS & SERVICES
7222,INDUSTRIAL PRODUCTS & SERVICES
7223,CONSUMER PRODUCTS & SERVICES
7225,INDUSTRIAL PRODUCTS & SERVICES
7226,INDUSTRIAL PRODUCTS & SERVICES
7227,INDUSTRIAL PRODUCTS & SERVICES
7228,ENERGY
7229,INDUSTRIAL PRODUCTS & SERVICES
7230,CONSUMER PRODUCTS & SERVICES
7231,INDUSTRIAL PRODUCTS & SERVICES
7232,INDUSTRIAL PRODUCTS & SERVICES
7233,INDUSTRIAL PRODUCTS & SERVICES
7234,CONSUMER PRODUCTS & SERVICES
7235,INDUSTRIAL PRODUCTS & SERVICES
7237,CONSUMER PRODUCTS & SERVICES
7239,INDUSTRIAL PRODUCTS & SERVICES
7240,CONSTRUCTION
7241,INDUSTRIAL PRODUCTS & SERVICES
7243,CONSUMER PRODUCTS & SERVICES
7245,INDUSTRIAL PRODUCTS & SERVICES
7246,CONSUMER PRODUCTS & SERVICES
7247,INDUSTRIAL PRODUCTS & SERVICES
7248,INDUSTRIAL PRODUCTS & SERVICES
7249,PROPERTY
7250,ENERGY
7251,ENERGY
7252,CONSUMER PRODUCTS & SERVICES
7253,ENERGY
7277,ENERGY
7285,INDUSTRIAL PRODUCTS & SERVICES
7293,ENERGY
7315,CONSUMER PRODUCTS & SERVICES
7323,PROPERTY
7374,INDUSTRIAL PRODUCTS & SERVICES
7382,PLANTATION
7412,CONSUMER PRODUCTS & SERVICES
7439,CONSUMER PRODUCTS & SERVICES
7471,UTILITIES
7498,INDUSTRIAL PRODUCTS & SERVICES
7501,PLANTATION
7528,CONSTRUCTION
7544,INDUSTRIAL PRODUCTS & SERVICES
7579,INDUSTRIAL PRODUCTS & SERVICES
7595,CONSTRUCTION
7609,INDUSTRIAL PRODUCTS & SERVICES
7617,PROPERTY
7668,CONSUMER PRODUCTS & SERVICES
7676,TRANSPORTATION & LOGISTICS
7692,INDUSTRIAL PRODUCTS & SERVICES
7722,CONSUMER PRODUCTS & SERVICES
7757,CONSUMER PRODUCTS & SERVICES
7765,PROPERTY
7773,INDUSTRIAL PRODUCTS & SERVICES
7803,HEALTH CARE
7811,INDUSTRIAL PRODUCTS & SERVICES
7854,INDUSTRIAL PRODUCTS & SERVICES
7889,PROPERTY
7935,CONSUMER PRODUCTS & SERVICES
7943,CONSUMER PRODUCTS & SERVICES
7986,INDUSTRIAL PRODUCTS & SERVICES
8044,INDUSTRIAL PRODUCTS & SERVICES
8052,CONSTRUCTION
8079,CONSUMER PRODUCTS & SERVICES
8117,INDUSTRIAL PRODUCTS & SERVICES
8125,INDUSTRIAL PRODUCTS & SERVICES
8133,TRANSPORTATION & LOGISTICS
8141,PROPERTY
8176,INDUSTRIAL PRODUCTS & SERVICES
8192,CONSTRUCTION
8206,PROPERTY
8273,INDUSTRIAL PRODUCTS & SERVICES
8303,CONSUMER PRODUCTS & SERVICES
8311,CONSTRUCTION
8338,TECHNOLOGY
8346,TRANSPORTATION & LOGISTICS
8362,INDUSTRIAL PRODUCTS & SERVICES
8397,TRANSPORTATION & LOGISTICS
8419,INDUSTRIAL PRODUCTS & SERVICES
8435,INDUSTRIAL PRODUCTS & SERVICES
8443,INDUSTRIAL PRODUCTS & SERVICES
8478,CONSUMER PRODUCTS & SERVICES
8486,INDUSTRIAL PRODUCTS & SERVICES
8494,PROPERTY
8524,UTILITIES
8532,CONSUMER PRODUCTS & SERVICES
8567,UTILITIES
8583,PROPERTY
8591,CONSTRUCTION
8605,CONSUMER PRODUCTS & SERVICES
8613,ENERGY
8621,FINANCIAL SERVICES
8648,INDUSTRIAL PRODUCTS & SERVICES
8664,PROPERTY
8672,CONSUMER PRODUCTS & SERVICES
8702,INDUSTRIAL PRODUCTS & SERVICES
8745,INDUSTRIAL PRODUCTS & SERVICES
8834,CONSTRUCTION
8869,INDUSTRIAL PRODUCTS & SERVICES
8877,CONSTRUCTION
8885,CONSUMER PRODUCTS & SERVICES
8893,PROPERTY
8907,INDUSTRIAL PRODUCTS & SERVICES
8923,PROPERTY
8966,CONSUMER PRODUCTS & SERVICES
8982,PLANTATION
9008,TECHNOLOGY
9016,INDUSTRIAL PRODUCTS & SERVICES
9059,PLANTATION
9075,TECHNOLOGY
9083,INDUSTRIAL PRODUCTS & SERVICES
9091,CONSUMER PRODUCTS & SERVICES
9113,CONSUMER PRODUCTS & SERVICES
9121,INDUSTRIAL PRODUCTS & SERVICES
9148,INDUSTRIAL PRODUCTS & SERVICES
9172,CONSUMER PRODUCTS & SERVICES
9199,INDUSTRIAL PRODUCTS & SERVICES
9237,INDUSTRIAL PRODUCTS & SERVICES
9261,CONSTRUCTION
9288,CONSUMER PRODUCTS & SERVICES
9296,FINANCIAL SERVICES
9318,INDUSTRIAL PRODUCTS & SERVICES
9326,INDUSTRIAL PRODUCTS & SERVICES
9334,TECHNOLOGY
9369,CONSUMER PRODUCTS & SERVICES
9377,TECHNOLOGY
9385,CONSUMER PRODUCTS & SERVICES
9393,TECHNOLOGY
9407,CONSUMER PRODUCTS & SERVICES
9423,CONSUMER PRODUCTS & SERVICES
9431,TELECOMMUNICATIONS & MEDIA
9466,INDUSTRIAL PRODUCTS & SERVICES
9539,PROPERTY
9571,CONSTRUCTION
9598,CONSTRUCTION
9601,INDUSTRIAL PRODUCTS & SERVICES
9628,CONSTRUCTION
9679,CONSTRUCTION
9687,PROPERTY
9695,PLANTATION
9717,CONSTRUCTION
9741,INDUSTRIAL PRODUCTS & SERVICES
9776,CONSUMER PRODUCTS & SERVICES
9792,CONSUMER PRODUCTS & SERVICES
9814,PROPERTY
9822,INDUSTRIAL PRODUCTS & SERVICES
9873,INDUSTRIAL PRODUCTS & SERVICES
9881,INDUSTRIAL PRODUCTS & SERVICES
9938,INDUSTRIAL PRODUCTS & SERVICES
9946,CONSUMER PRODUCTS & SERVICES
9954,INDUSTRIAL PRODUCTS & SERVICES
9962,PROPERTY
9997,CONSUMER PRODUCTS & SERVICES
