code,name
0001,SUPERCOMNET TECHNOLOGIES BERHAD
0002,KOTRA INDUSTRIES BERHAD
0005,UCREST BERHAD
0006,PINEAPPLE RESOURCES BERHAD
0007,PUC BERHAD
0008,WILLOWGLEN MSC BERHAD
0010,IRIS CORPORATION BERHAD
0011,BRITE-TECH BERHAD
0012,THREE-A RESOURCES BERHAD
0017,XOX TECHNOLOGY BERHAD
0018,LAMBO GROUP BERHAD
0020,NETX HOLDINGS BERHAD
0021,GHL SYSTEMS BERHAD
0022,PARLO BERHAD
0023,IFCA MSC BERHAD
0024,JAG BERHAD
0025,YBS INTERNATIONAL BERHAD
0026,NOVA MSC BERHAD
0028,SCOPE INDUSTRIES BERHAD
0029,DIGISTAR CORPORATION BERHAD
0032,REDTONE DIGITAL BERHAD
0034,MMAG HOLDINGS BERHAD
0035,HEXTAR CAPITAL BERHAD
0036,KEY ALLIANCE GROUP BERHAD
0037,RGB INTERNATIONAL BHD
0038,ARTRONIQ BERHAD
0039,GFM SERVICES BERHAD
0040,OPENSYS (M) BERHAD
0041,HONG SENG CONSOLIDATED BERHAD
0043,METRONIC GLOBAL BERHAD
0045,SOUTHERN SCORE BUILDERS BERHAD
0048,ANCOM LOGISTICS BERHAD
0049,OCEANCASH PACIFIC BERHAD
0050,SYSTECH BHD
0051,CUSCAPI BERHAD
0053,OSK VENTURES INTERNATIONAL BERHAD
0054,KARYON INDUSTRIES BERHAD
0055,SERSOL BERHAD
0056,NCT ALLIANCE BERHAD
0058,JCBNEXT BERHAD
0059,ECOBUILT HOLDINGS BERHAD
0060,HARVEST MIRACLE CAPITAL BERHAD
0064,EFFICIENT E-SOLUTIONS BERHAD
0065,EXCEL FORCE MSC BERHAD
0066,VP-DJ SHARIAH CHINA A-SHARES 100 ETF - MYR 0838EA 2 988 VSOLAR GROUP BERHAD
0068,ASDION BERHAD
0069,VINVEST CAPITAL HOLDINGS BERHAD
0070,MQ TECHNOLOGY BERHAD
0072,AT SYSTEMATIZATION BERHAD
0074,GREEN OCEAN CORPORATION BERHAD
0075,LYC HEALTHCARE BERHAD
0078,GDEX BERHAD
0079,ALDRICH RESOURCES BERHAD
0080,STRAITS ENERGY RESOURCES BERHAD
0081,REKATECH CAPITAL BERHAD
0082,GREEN PACKET BERHAD
0083,NOTION VTEC BERHAD
0084,FAST ENERGY HOLDINGS BERHAD
0085,MLABS SYSTEMS BERHAD
0086,YGL CONVERGENCE BERHAD
0089,TEX CYCLE TECHNOLOGY (M) BERHAD
0090,ELSOFT RESEARCH BERHAD
0091,PROPEL GLOBAL BERHAD
0092,MTOUCHE TECHNOLOGY BERHAD
0093,SOLUTION GROUP BERHAD
0094,ZEN TECH INTERNATIONAL BERHAD
0095,MAG HOLDINGS BERHAD
0096,NEXGRAM HOLDINGS BERHAD
0097,VITROX CORPORATION BERHAD
0098,BAHVEST RESOURCES BERHAD
0099,SCICOM (MSC) BERHAD
0100,ES CERAMICS TECHNOLOGY BHD
0101,TMC LIFE SCIENCES BERHAD
0102,WAJA KONSORTIUM BERHAD
0103,M N C WIRELESS BERHAD
0104,GENETEC TECHNOLOGY BERHAD
0105,ASIA POLY HOLDINGS BERHAD
0106,REXIT BERHAD
0107,EDUSPEC HOLDINGS BERHAD
0108,N2N CONNECT BERHAD
0109,SC ESTATE BUILDER BERHAD
0111,K-ONE TECHNOLOGY BERHAD
0112,MIKRO MSC BERHAD
0113,MMS VENTURES BERHAD
0116,FOCUS DYNAMICS GROUP BERHAD
0117,SMRT HOLDINGS BERHAD
0118,TRIVE PROPERTY GROUP BERHAD
0119,APPASIA BERHAD
0120,VISDYNAMICS HOLDINGS BERHAD
0122,ADVANCE INFORMATION MARKETING BERHAD
0123,PRINCIPAL FTSE ASEAN 40 MALAYSIA ETF 0822EA 2 734 PRINCIPAL FTSE CHINA 50 ETF 0823EA 2 735 PRIVASIA TECHNOLOGY BERHAD
0126,MICROLINK SOLUTIONS BERHAD
0127,JHM CONSOLIDATION BERHAD
0128,FRONTKEN CORPORATION BERHAD
0129,SILVER RIDGE HOLDINGS BHD
0131,DIVFEX BERHAD
0132,TECHNODEX BHD
0133,SANICHI TECHNOLOGY BERHAD
0136,GREENYIELD BERHAD
0138,MY E.G. SERVICES BERHAD
0140,XOX NETWORKS BERHAD
0143,KEY ASIC BERHAD
0145,TFP SOLUTIONS BERHAD
0146,JF TECHNOLOGY BERHAD
0147,INNITY CORPORATION BERHAD
0148,SUNZEN BIOTECH BERHAD
0149,FIBON BERHAD
0150,FINTEC GLOBAL BERHAD
0151,KELINGTON GROUP BERHAD
0152,DGB ASIA BERHAD
0153,OVERSEA ENTERPRISE BERHAD
0154,EA HOLDINGS BERHAD
0155,MALAYSIAN GENOMICS RESOURCE CENTRE BERHAD
0156,MANAGEPAY SYSTEMS BERHAD
0157,FOCUS POINT HOLDINGS BERHAD
0158,SCC HOLDINGS BERHAD
0159,ASIA MEDIA GROUP BERHAD
0160,HIAP HUAT HOLDINGS BERHAD
0161,HEXTAR INDUSTRIES BERHAD
0162,WIDAD GROUP BERHAD
0163,CAREPLUS GROUP BERHAD
0165,XOX BHD
0166,INARI AMERTRON BERHAD
0167,MCLEAN TECHNOLOGIES BERHAD
0168,BM GREENTECH BERHAD
0169,SMTRACK BERHAD
0170,KANGER INTERNATIONAL BERHAD
0171,PETERLABS HOLDINGS BERHAD
0172,OCK GROUP BERHAD
0173,CATCHA DIGITAL BERHAD
0174,EVD BERHAD
0175,HHRG BERHAD
0176,KRONOLOGI ASIA BERHAD
0177,PASUKHAS GROUP BERHAD
0178,SEDANIA INNOVATOR BERHAD
0179,BIOALPHA HOLDINGS BERHAD
0180,KIM TECK CHEONG CONSOLIDATED BERHAD
0181,AEMULUS HOLDINGS BERHAD
0182,LKL INTERNATIONAL BERHAD
0183,SALUTICA BERHAD
0185,HSS ENGINEERS BERHAD
0186,PERAK TRANSIT BERHAD
0187,BCM ALLIANCE BERHAD
0188,HLT GLOBAL BERHAD
0189,MATANG BERHAD
0190,EVERSAFE RUBBER BERHAD
0191,CABNET HOLDINGS BERHAD
0192,INTA BINA GROUP BERHAD
0193,KINERGY ADVANCEMENT BERHAD
0195,BINASAT COMMUNICATIONS BERHAD
0196,QES GROUP BERHAD
0197,WEGMANS HOLDINGS BERHAD
0198,GDB HOLDINGS BERHAD
0199,TRI-MODE SYSTEM (M) BERHAD
0200,REVENUE GROUP BERHAD
0201,NOVA WELLNESS GROUP BERHAD
0202,RADIANT GLOBALTECH BERHAD
0203,SECUREMETRIC BERHAD
0205,DPI HOLDINGS BERHAD
0206,GAGASAN NADI CERGAS BERHAD
0207,MESTRON HOLDINGS BERHAD
0208,GREATECH TECHNOLOGY BERHAD
0209,AIMFLEX BERHAD
0210,KIM HIN JOO (MALAYSIA) BERHAD
0211,TASHIN HOLDINGS BERHAD
0212,SDS GROUP BERHAD
0213,MTAG GROUP BERHAD
0215,SOLARVEST HOLDINGS BERHAD
0216,SPRING ART HOLDINGS BERHAD
0217,POWERWELL HOLDINGS BERHAD
0218,ACO GROUP BERHAD
0219,RESERVOIR LINK ENERGY BHD
0220,OCEAN VANTAGE HOLDINGS BERHAD
0221,TCS GROUP HOLDINGS BERHAD
0222,OPTIMAX HOLDINGS BERHAD
0223,SAMAIDEN GROUP BERHAD
0225,SOUTHERN CABLE GROUP BERHAD
0226,ANEKA JARINGAN HOLDINGS BERHAD
0227,ECONFRAME BERHAD
0228,HPP HOLDINGS BERHAD
0229,MOBILIA HOLDINGS BERHAD
0230,TELADAN GROUP BERHAD
0231,FLEXIDYNAMIC HOLDINGS BERHAD
0232,VOLCANO BERHAD
0233,PEKAT GROUP BERHAD
0235,NESTCON BERHAD
0236,RAMSSOL GROUP BERHAD
0237,HAILY GROUP BERHAD
0238,CEKD BERHAD
0239,ECOMATE HOLDINGS BERHAD
0240,CORAZA INTEGRATED TECHNOLOGY BERHAD
0241,SIAB HOLDINGS BERHAD
0242,PAPPAJACK BERHAD
0243,CENGILD MEDICAL BERHAD
0245,MN HOLDINGS BERHAD
0246,CNERGENZ BERHAD
0247,UNITRADE INDUSTRIES BERHAD
0248,YEW LEE PACIFIC GROUP BERHAD
0249,LGMS BERHAD
0250,YX PRECIOUS METALS BHD
0251,SFP TECH HOLDINGS BERHAD
0252,ORGABIO HOLDINGS BERHAD
0253,INFOLINE TEC GROUP BERHAD
0255,ECOSCIENCE INTERNATIONAL BERHAD
0256,UMEDIC GROUP BERHAD
0257,UNIQUE FIRE HOLDINGS BERHAD
0258,AGMO HOLDINGS BERHAD
0259,SNS NETWORK TECHNOLOGY BERHAD
0260,PT RESOURCES HOLDINGS BERHAD
0261,COSMOS TECHNOLOGY INTERNATIONAL BERHAD
0262,SUNVIEW GROUP BERHAD
0263,BETAMEK BERHAD
0265,INFOMINA BERHAD
0266,LEFORM BERHAD
0267,ECA INTEGRATED SOLUTION BERHAD
0268,L&P GLOBAL BERHAD
0269,DS SIGMA HOLDINGS BERHAD
0270,NATIONGATE HOLDINGS BERHAD
0271,WELLSPIRE HOLDINGS BERHAD
0272,TT VISION HOLDINGS BERHAD
0273,VESTLAND BERHAD
0275,OPPSTAR BERHAD
0276,AUTOCOUNT DOTCOM BERHAD
0277,CLOUDPOINT TECHNOLOGY BERHAD
0278,EDELTEQ HOLDINGS BERHAD
0279,SYNERGY HOUSE BERHAD
0280,MYETF DOW JONES ISLAMIC MARKET MALAYSIA TITANS 25 0821EA 2 615 MYETF DOW JONES U.S. TITANS 50 0827EA 2 616 MYETF MSCI MALAYSIA ISLAMIC DIVIDEND 0824EA 2 617 MYETF MSCI SEA ISLAMIC DIVIDEND 0825EA 2 618 MYMBN BERHAD
0281,DAYTHREE DIGITAL BERHAD
0282,KGW GROUP BERHAD
0283,DC HEALTHCARE HOLDINGS BERHAD
0284,GLOSTREXT BERHAD
0285,MERCURY SECURITIES GROUP BERHAD
0286,EVERGREEN MAX CASH CAPITAL BERHAD
0287,SSF HOME GROUP BERHAD
0288,MINOX INTERNATIONAL GROUP BERHAD
0289,PLYTEC HOLDING BERHAD
0290,PANDA ECO SYSTEM BERHAD
0291,CRITICAL HOLDINGS BERHAD
0292,JATI TINGGI GROUP BERHAD
0293,KJTS Group Berhad
0295,Master Tec Group Berhad
0296,HE Group Berhad
0297,TSA Group Berhad
0298,Wentel Engineering Holdings Berhad
0299,AGX Group Berhad
0300,SBH Marine Holdings Berhad
03001,CLOUDARON GROUP BERHAD
03002,RED IDEAS HOLDINGS BERHAD
03005,METRO HEALTHCARE BERHAD
03006,NOVA PHARMA SOLUTIONS BERHAD
03008,SL INNOVATION CAPITAL BERHAD
03009,SEERS BERHAD
0301,Zantat Holdings Berhad
03011,AMLEX HOLDINGS BERHAD
03012,BABA ECO GROUP BERHAD
03013,TOPVISION EYE SPECIALIST BERHAD
03015,MANFORCE GROUP BERHAD
03016,CARLO RINO GROUP BERHAD
03017,UNI WALL APS HOLDINGS BERHAD
03018,SUPREME CONSOLIDATED RESOURCES BERHAD
03019,MATRIX PARKING SOLUTION HOLDINGS BERHAD
0302,Topmix Berhad
03021,EQUITIESTRACKER HOLDINGS BERHAD
03022,MCOM HOLDINGS BERHAD
03023,SMILE-LINK HEALTHCARE GLOBAL BERHAD
03024,CE TECHNOLOGY BERHAD
03025,ENEST GROUP BERHAD
03026,FIBROMAT (M) BERHAD
03027,MMIS BERHAD
03028,GO INNOVATE ASIA BERHAD
03029,GPP RESOURCES BERHAD
0303,Alpha IVF Group Berhad
03030,IDB TECHNOLOGIES BERHAD
03031,POLYDAMIC GROUP BERHAD
03032,ASTRAMINA GROUP BERHAD
03033,SUPERGENICS BERHAD
03036,REDPLANET BERHAD
03037,AURORA ITALIA INTERNATIONAL BERHAD
03038,ICT ZONE ASIA BERHAD
03039,RTS TECHNOLOGY HOLDINGS BERHAD
0304,Farm Price Holdings Berhad
03040,JISHAN BERHAD
03041,ONETECH SOLUTIONS HOLDINGS BERHAD
03042,BV LAND HOLDINGS BERHAD
03043,UCI RESOURCES BERHAD
03045,NOVELPLUS TECHNOLOGY BERHAD
03046,DYNAFRONT HOLDINGS BERHAD
03047,LIM SEONG HAI CAPITAL BERHAD
03048,CARZO HOLDINGS BERHAD
03049,STEEL HAWK BERHAD
0305,Sin-Kung Logistics Berhad
03050,SUNMOW HOLDING BERHAD
03051,ALPHA OCEAN RESOURCES BERHAD
03052,RAY GO SOLAR HOLDINGS BERHAD
03053,CC INTERNATIONAL BERHAD
03054,SNOWFIT GROUP BERHAD
03055,DSR TAIKO BERHAD
03056,SAFETYWARE GROUP BERHAD
03057,SANCY BERHAD
03058,Total Dynamic Holdings Berhad
03059,Autoris Group Holdings Berhad
0306,Smart Asia Chemical Bhd
03060,Hydropipes Berhad
03061,TP TEC Holding Berhad
03062,TSIC Berhad
03063,Ping Edge Technology Berhad
03064,MyAxis Group Berhad
03065,LPC Group Berhad
03066,Croesus IT Holdings Berhad
03067,Associated Air-Pak Industries Berhad
03068,Bentley Music Group Berhad
03069,BIMOffice Group Berhad
0307,Kawan Renergy Berhad
03070,Whitman Holdings Berhad
03071,Noesis Exed Berhad
03072,Milolo Berhad
03073,Esys Holdings Berhad
0308,KTI Landmark Berhad
0309,Agricore CS Holdings Berhad
0310,UUE Holdings Berhad
0311,Go Hub Capital Berhad
0312,Ocean Fresh Berhad
0313,BWYS Group Berhad
0315,Kucingko Berhad
0316,Sik Cheong Berhad
0317,EPB Group Berhad
0318,Elridge Energy Holdings Berhad
0319,VETECE Holdings Berhad
0320,Steel Hawk Berhad
0321,Solar District Cooling Group Berhad
0322,KHPT Holdings Berhad
0323,Crest Group Berhad
0325,Northeast Group Berhad
0326,Sorento Capital Berhad
0327,OB Holdings Berhad
0328,3REN Berhad
0329,Metro Healthcare Berhad
0330,Supreme Consolidated Resources Berhad
0331,Cropmate Berhad
0332,Topvision Eye Specialist Berhad
0333,Vanzo Holdings Berhad
0335,Carlo Rino Group Berhad
0336,Winstar Capital Berhad
0337,Swift Energy Technology Berhad
0338,Oriental Kopi Holdings Berhad
0339,CBH Engineering Holding Berhad
0340,Northern Solar Holdings Berhad
0341,Colform Group Berhad
0342,RichTech Digital Berhad
0343,TechStore Berhad
0345,ES Sunlogy Berhad
0346,Saliran Group Berhad
0347,Wawasan Dengkil Holdings Berhad
0348,Chemlite Innovation Berhad
0349,Sumisaujana Group Berhad
0350,MSB Global Group Berhad
0351,Lim Seong Hai Capital Berhad
0352,WTEC Group Berhad
0353,West River Berhad
0355,Fibromat (M) Berhad
0356,Peoplelogy Berhad
0357,Oasis Home Holding Berhad
0358,ICT Zone Asia Berhad
0359,Hartanah Kenyalang Berhad
0360,Signature Alliance Group Berhad
0361,Pan Merchant Berhad
0362,ASM Automation Group Berhad
0363,PMCK Berhad
0365,A1 A.K. Koh Group Berhad
0366,iCents Group Holdings Berhad
0367,Enproserve Group Berhad
0368,Oxford Innotech Berhad
0369,JS Solar Holding Berhad
0370,Express Powerr Solutions (M) Bhd
0371,Camaroe Berhad
0372,Cheeding Holdings Berhad
0373,Verdant Solar Holdings Bhd
0375,THMY Holdings Berhad
0376,Insights Analytics Berhad
0377,Powertechnic Group Berhad
0378,Farmiera Berhad
0379,PMW International Berhad
0380,Aquawalk Group Berhad
0381,Polymer Link Holdings Berhad
0382,Foodie Media Berhad
0383,PSP Energy Berhad
0385,BMS Holdings Berhad
0386,SBS Nexus Berhad
0387,Guan Huat Seng Holdings Berhad
0388,Semico Capital Berhad
0389,One Gasmaster Holdings Berhad
0390,ISF Group Berhad
0391,Ambest Group Berhad
0392,Kee Ming Group Berhad
0393,Teamstar Berhad
0395,OGX Group Berhad
0396,Adnex Group Berhad
0397,5E Resources Holdings Berhad
0398,Golden Destinations Group Berhad
0399,AMS Advanced Material Berhad
0450,Manforce Group Berhad
0451,Inspace Creation Berhad
0452,Gold Li Holdings Berhad
0453,EI Power Berhad
0455,Bus Cap Berhad
0456,MM Computer Systems Berhad
0457,Pentech Holdings Berhad
0458,Elsa Berhad
0459,Sum Technology Berhad
0460,HSS Holdings Berhad
0461,RT Pastry Holdings Berhad
0462,Liftech Group Sdn Bhd
0463,Eckem Holdings Berhad
0465,RNG Tech Berhad
0466,SRKK AI Berhad
0467,Enest Group Berhad
0468,UNIPAC
0469,GTA Holdings Berhad
0470,BFIELD
0471,PIONEER
1015,AMMB HOLDINGS BERHAD
1023,CIMB GROUP HOLDINGS BERHAD
1058,MANULIFE HOLDINGS BERHAD
1066,RHB BANK BERHAD
1082,HONG LEONG FINANCIAL GROUP BERHAD
1147,GLOBAL ORIENTAL BERHAD
1155,MALAYAN BANKING BERHAD
1163,ALLIANZ MALAYSIA BERHAD
1171,MALAYSIA BUILDING SOCIETY BERHAD
1198,MAA GROUP BERHAD
1287,PAN MALAYSIA HOLDINGS BERHAD
1295,PUBLIC BANK BERHAD
1368,UEM EDGENTA BERHAD
1481,ADVANCE SYNERGY BERHAD
1503,GUOCOLAND (MALAYSIA) BERHAD
1538,SYMPHONY LIFE BERHAD
1562,SPORTS TOTO BERHAD
1589,ISKANDAR WATERFRONT CITY BERHAD
1619,DRB-HICOM BERHAD
1643,LANDMARKS BERHAD
1651,MALAYSIAN RESOURCES CORPORATION BERHAD
1694,MENANG CORPORATION (M) BERHAD
1724,PARAMOUNT CORPORATION BERHAD
1818,BURSA MALAYSIA BERHAD
1899,BATU KAWAN BERHAD
1902,PINEHILL PACIFIC BERHAD
1929,CHIN TECK PLANTATIONS BERHAD
1961,IOI CORPORATION BERHAD
1996,KRETAM HOLDINGS BERHAD
2038,NEGRI SEMBILAN OIL PALMS BERHAD
2054,TDM BERHAD
2062,HARBOUR-LINK GROUP BERHAD
2089,UNITED PLANTATIONS BERHAD
2097,META BRIGHT GROUP BERHAD
2127,COMFORT GLOVES BERHAD
2135,GOPENG BERHAD
2143,ECM LIBRA GROUP BERHAD
2186,KUCHAI DEVELOPMENT BERHAD
2224,SELANGOR DREDGING BERHAD
2259,TALAM TRANSFORM BERHAD
2283,ZELAN BERHAD
2291,GENTING PLANTATIONS BERHAD
2305,AYER HOLDINGS BERHAD
2429,TANCO HOLDINGS BERHAD
2445,KUALA LUMPUR KEPONG BERHAD
2453,KLCC PROPERTY HOLDINGS BERHAD 5235SS 1 463 KLCC REAL ESTATE INVESTMENT TRUST 5235SS 1 464 KLUANG RUBBER COMPANY (MALAYA) BERHAD
2488,ALLIANCE BANK MALAYSIA BERHAD
2542,RIVERVIEW RUBBER ESTATES BERHAD
2569,SUNGEI BAGAN RUBBER COMPANY (MALAYA) BERHAD
2593,UNITED MALACCA BERHAD
2607,INCH KENNETH KAJANG RUBBER PUBLIC LTD CO
2658,AJINOMOTO (MALAYSIA) BERHAD
2674,ALCOM GROUP BERHAD
2682,PARKWOOD HOLDINGS BERHAD
2739,TECHNA-X BERHAD
2755,FCW HOLDINGS BERHAD
2828,C.I. HOLDINGS BERHAD
2836,CARLSBERG BREWERY MALAYSIA BERHAD
2852,CAHYA MATA SARAWAK BERHAD
2984,FACB INDUSTRIES INCORPORATED BERHAD
3018,OLYMPIA INDUSTRIES BERHAD
3026,DUTCH LADY MILK INDUSTRIES BERHAD
3034,HAP SENG CONSOLIDATED BERHAD
3042,PETRON MALAYSIA REFINING & MARKETING BHD
3069,MEGA FIRST CORPORATION BERHAD
3107,FIMA CORPORATION BERHAD
3158,YNH PROPERTY BERHAD
3174,LAND & GENERAL BERHAD
3182,GENTING BERHAD
3204,GEORGE KENT (MALAYSIA) BERHAD
3239,BERJAYA ASSETS BERHAD
3247,GUH HOLDINGS BERHAD
3255,HEINEKEN MALAYSIA BERHAD
3298,HEXZA CORPORATION BERHAD
3301,HONG LEONG INDUSTRIES BERHAD
3336,IJM CORPORATION BERHAD
3379,INSAS BERHAD
3395,BERJAYA CORPORATION BERHAD
3417,EASTERN & ORIENTAL BERHAD
3441,JOHAN HOLDINGS BERHAD
3476,KECK SENG (MALAYSIA) BERHAD
3514,MARCO HOLDINGS BERHAD
3557,ECOFIRST CONSOLIDATED BHD
3565,WCE HOLDINGS BERHAD
3573,LIEN HOE CORPORATION BERHAD
3611,PARAGON GLOBE BERHAD
3662,MALAYAN FLOUR MILLS BERHAD
3689,FRASER & NEAVE HOLDINGS BHD
3719,PANASONIC MANUFACTURING MALAYSIA BERHAD
3743,SUNSURIA BERHAD
3778,MELEWAR INDUSTRIAL GROUP BERHAD
3794,MALAYAN CEMENT BERHAD
3816,MISC BERHAD
3859,MAGNUM BERHAD
3867,MALAYSIAN PACIFIC INDUSTRIES BERHAD
3883,MUDA HOLDINGS BERHAD
3891,MALAYAN UNITED INDUSTRIES BERHAD
3905,MULPHA INTERNATIONAL BERHAD
3913,MUI PROPERTIES BERHAD
3948,DUTALAND BERHAD
4006,ORIENTAL HOLDINGS BERHAD
4022,MAXIM GLOBAL BERHAD
4057,ASIAN PAC HOLDINGS BERHAD
4065,PPB GROUP BERHAD
4081,PAN MALAYSIA CORPORATION BERHAD
4162,BRITISH AMERICAN TOBACCO (MALAYSIA) BERHAD
4197,SIME DARBY BERHAD
4219,BERJAYA LAND BERHAD
4235,LION INDUSTRIES CORPORATION BERHAD
4243,WTK HOLDINGS BERHAD
4251,I-BERHAD
4286,SEAL INCORPORATED BERHAD
4316,SIN HENG CHAN (MALAYA) BERHAD
4324,HENGYUAN REFINING COMPANY BERHAD
4359,TURIYA BERHAD
4375,SOUTH MALAYSIA INDUSTRIES BERHAD
4383,JAYA TIASA HOLDINGS BHD
4405,TAN CHONG MOTOR HOLDINGS BERHAD
4456,DAGANG NEXCHANGE BERHAD
4464,PEGASUS HEIGHTS BERHAD
4502,MEDIA PRIMA BERHAD
4588,UMW HOLDINGS BERHAD
4596,SAPURA RESOURCES BERHAD
4634,POS MALAYSIA BERHAD
4677,YTL CORPORATION BERHAD
4707,NESTLE (MALAYSIA) BERHAD
4715,GENTING MALAYSIA BERHAD
4723,JAKS RESOURCES BERHAD
4731,SCIENTEX BERHAD
4758,ANCOM NYLEX BERHAD
4847,EPICON BERHAD
4863,TELEKOM MALAYSIA BERHAD
4936,MALPAC HOLDINGS BERHAD
4944,NYLEX (MALAYSIA) BERHAD
4995,VERSATILE CREATIVE BERHAD
5000,HUME CEMENT INDUSTRIES BERHAD
5001,MIECO CHIPBOARD BERHAD
5005,UNISEM (M) BERHAD
5006,VARIA BERHAD
5007,CHIN WELL HOLDINGS BERHAD
5008,HARRISONS HOLDINGS (MALAYSIA) BERHAD
5009,WHITE HORSE BERHAD
5010,TONG HERR RESOURCES BERHAD
5011,MESINIAGA BERHAD
5012,TA ANN HOLDINGS BERHAD
5014,MALAYSIA AIRPORTS HOLDINGS BERHAD
5015,APM AUTOMOTIVE HOLDINGS BERHAD
5016,WARISAN TC HOLDINGS BERHAD
5020,GLOMAC BERHAD
5021,AYS VENTURES BERHAD
5022,PAOS HOLDINGS BERHAD
5024,HUP SENG INDUSTRIES BERHAD
5025,AURO HOLDINGS BERHAD
5026,MHC PLANTATIONS BHD
5027,KIM LOONG RESOURCES BERHAD
5028,HEITECH PADU BERHAD
5029,FAR EAST HOLDINGS BERHAD
5031,TIME DOTCOM BERHAD
5032,BINTULU PORT HOLDINGS BERHAD
5035,KNUSFORD BERHAD
5036,EDARAN BERHAD
5037,COMPUGATES HOLDINGS BERHAD
5038,KSL HOLDINGS BERHAD
5040,MERIDIAN BERHAD
5041,PBA HOLDINGS BHD
5042,TSR CAPITAL BERHAD
5047,NPC RESOURCES BERHAD
5048,YB VENTURES BERHAD
5049,COUNTRY VIEW BERHAD
5053,OSK HOLDINGS BERHAD
5054,TRC SYNERGY BERHAD
5056,ENGTEX GROUP BERHAD
5062,HUA YANG BERHAD
5065,ORNAPAPER BERHAD
5066,NTPM HOLDINGS BERHAD
5068,LUSTER INDUSTRIES BHD.
5069,BLD PLANTATION BHD.
5070,PROTASCO BERHAD
5071,COASTAL CONTRACTS BHD
5072,HIAP TECK VENTURE BERHAD
5073,NAIM HOLDINGS BERHAD
5075,PLENITUDE BERHAD
5077,MALAYSIAN BULK CARRIERS BERHAD
5078,MARINE & GENERAL BERHAD
5079,ONE GLOVE GROUP BERHAD
5080,POH KONG HOLDINGS BERHAD
5081,ESTHETICS INTERNATIONAL GROUP BERHAD
5082,ANNUM BERHAD
5084,IBRACO BERHAD
5085,MUDAJAYA GROUP BERHAD
5087,MYCRON STEEL BERHAD
5088,APEX EQUITY HOLDINGS BERHAD
5090,MEDIA CHINESE INTERNATIONAL LIMITED
5094,CSC STEEL HOLDINGS BERHAD
5095,HEVEABOARD BERHAD
5098,MALAYSIA STEEL WORKS (KL) BHD
5099,CAPITAL A BERHAD
5100,BP PLASTICS HOLDING BHD
5101,EVERGREEN FIBREBOARD BERHAD
5102,GUAN CHONG BERHAD
5104,CITRA NUSA HOLDINGS BERHAD
5105,CAN-ONE BERHAD
5106,AXIS REAL ESTATE INVESTMENT TRUST
5107,IQ GROUP HOLDINGS BERHAD
5108,ICAPITAL.BIZ BERHAD
5109,YTL HOSPITALITY REIT
5110,UOA REAL ESTATE INVESTMENT TRUST
5111,TOWER REAL ESTATE INVESTMENT TRUST
5112,TH PLANTATIONS BERHAD
5113,RIMBUNAN SAWIT BERHAD
5115,ALAM MARITIM RESOURCES BERHAD
5120,AMFIRST REAL ESTATE INVESTMENT TRUST
5121,HEKTAR REAL ESTATE INVESTMENT TRUST
5123,SENTRAL REIT
5125,PANTECH GROUP HOLDINGS BERHAD
5126,SARAWAK OIL PALMS BERHAD
5127,AMANAHRAYA REAL ESTATE INVESTMENT TRUST
5129,MELATI EHSAN HOLDINGS BERHAD
5130,ATRIUM REAL ESTATE INVESTMENT TRUST
5131,ZHULIAN CORPORATION BERHAD
5132,DELEUM BERHAD
5133,PETRA ENERGY BERHAD
5134,SOUTHERN ACIDS (M) BERHAD
5135,SARAWAK PLANTATION BERHAD
5136,HEXTAR TECHNOLOGIES SOLUTIONS BERHAD
5138,HAP SENG PLANTATIONS HOLDINGS BERHAD
5139,AEON CREDIT SERVICE (M) BERHAD
5140,TASCO BERHAD
5141,DAYANG ENTERPRISE HOLDINGS BERHAD
5142,WASCO BERHAD
5143,LUXCHEM CORPORATION BERHAD
5145,SEALINK INTERNATIONAL BERHAD
5147,SAMCHEM HOLDINGS BERHAD
5148,UEM SUNRISE BERHAD
5149,TAS OFFSHORE BERHAD
5151,HEXTAR GLOBAL BERHAD
5152,MUAR BAN LEE GROUP BERHAD
5156,XIDELANG HOLDINGS LTD
5157,SAUDEE GROUP BERHAD
5159,YOONG ONN CORPORATION BERHAD
5160,HOMERITZ CORPORATION BERHAD
5161,JCY INTERNATIONAL BERHAD
5162,VSTECS BERHAD
5163,SEREMBAN ENGINEERING BERHAD
5165,DFCITY GROUP BERHAD
5166,CYBERJAYA EDUCATION GROUP BERHAD
5167,TURBO-MECH BERHAD
5168,HARTALEGA HOLDINGS BERHAD
5169,HO HUP CONSTRUCTION COMPANY BHD
5170,SARAWAK CABLE BERHAD
5171,KIMLUN CORPORATION BERHAD
5172,SINARAN ADVANCE GROUP BERHAD
5173,SHIN YANG GROUP BERHAD
5175,IVORY PROPERTIES GROUP BERHAD
5176,SUNWAY REAL ESTATE INVESTMENT TRUST
5178,INGENIEUR GUDANG BERHAD
5180,CAPITALAND MALAYSIA TRUST
5182,AVALAND BERHAD
5183,PETRONAS CHEMICALS GROUP BERHAD
5184,CYPARK RESOURCES BERHAD
5185,AFFIN BANK BERHAD
5186,MALAYSIA MARINE AND HEAVY ENGINEERING HOLDINGS BERHAD
5187,HB GLOBAL LIMITED
5188,CHINA OUHUA WINERY HOLDINGS LIMITED
5190,BENALEC HOLDINGS BERHAD
5191,TAMBUN INDAH LAND BERHAD
5192,K. SENG SENG CORPORATION BERHAD
5195,CENSOF HOLDINGS BERHAD
5196,BERJAYA FOOD BERHAD
5197,FOCUS LUMBER BERHAD
5198,ABM FUJIYA BERHAD
5199,HIBISCUS PETROLEUM BERHAD
5200,UOA DEVELOPMENT BHD
5202,MSM MALAYSIA HOLDINGS BERHAD
5204,AWANBIRU TECHNOLOGY BERHAD
5205,EVERSENDAI CORPORATION BERHAD
5207,SBC CORPORATION BERHAD
5208,EITA RESOURCES BERHAD
5209,GAS MALAYSIA BERHAD
5210,BUMI ARMADA BERHAD
5211,SUNWAY BERHAD
5212,PAVILION REAL ESTATE INVESTMENT TRUST
5213,SENTORIA GROUP BERHAD
5216,DATASONIC GROUP BERHAD
5218,SAPURA ENERGY BERHAD
5219,PESTECH INTERNATIONAL BERHAD
5220,GLOBALTEC FORMATION BERHAD
5222,FGV HOLDINGS BERHAD
5223,MENTIGA CORPORATION BERHAD
5225,IHH HEALTHCARE BERHAD
5226,GABUNGAN AQRS BERHAD
5227,IGB REAL ESTATE INVESTMENT TRUST
5228,ELK-DESA RESOURCES BERHAD
5230,TUNE PROTECT GROUP BERHAD
5231,PELIKAN INTERNATIONAL CORPORATION BERHAD
5232,LEON FUAT BERHAD
5236,MATRIX CONCEPTS HOLDINGS BERHAD
5237,MPHB CAPITAL BERHAD
5238,AIRASIA X BERHAD
5239,TITIJAYA LAND BERHAD
5242,SOLID AUTOMOTIVE BERHAD
5243,VELESTO ENERGY BERHAD
5246,WESTPORTS HOLDINGS BERHAD
5247,KAREX BERHAD
5248,BERMAZ AUTO BERHAD
5249,IOI PROPERTIES GROUP BERHAD
5252,SASBADI HOLDINGS BERHAD
5253,ECONPILE HOLDINGS BERHAD
5254,BOUSTEAD PLANTATIONS BERHAD
5255,ICON OFFSHORE BERHAD
5256,REACH ENERGY BERHAD
5257,CARIMIN PETROLEUM BERHAD
5258,BANK ISLAM MALAYSIA BERHAD
5259,E.A.TECHNIQUE (M) BERHAD
5260,ONLY WORLD GROUP HOLDINGS BERHAD
5263,SUNWAY CONSTRUCTION GROUP BERHAD
5264,MALAKOFF CORPORATION BERHAD
5265,DOLPHIN INTERNATIONAL BERHAD
5267,XIN HWA HOLDINGS BERHAD
5269,AL-SALAM REAL ESTATE INVESTMENT TRUST
5270,RED SENA BERHAD
5271,PECCA GROUP BERHAD
5272,RANHILL UTILITIES BERHAD
5273,CHIN HIN GROUP BERHAD
5274,HONG LEONG CAPITAL BERHAD
5275,MYNEWS HOLDINGS BERHAD
5276,DANAINFRA NASIONAL BERHAD 0400GB 2 192 DANCOMECH HOLDINGS BERHAD
5277,FOUNDPAC GROUP BERHAD
5278,RHONE MA HOLDINGS BERHAD
5279,SERBA DINAMIK HOLDINGS BERHAD
5280,KIP REAL ESTATE INVESTMENT TRUST
5281,ADVANCECON HOLDINGS BERHAD
5283,ECO WORLD INTERNATIONAL BERHAD
5284,LOTTE CHEMICAL TITAN HOLDING BERHAD
5285,SIME DARBY PLANTATION BERHAD
5286,MI TECHNOVATION BERHAD
5288,SIME DARBY PROPERTY BERHAD
5289,TECHBOND GROUP BERHAD
5291,HPMT HOLDINGS BERHAD
5292,UWC BERHAD
5293,AME ELITE CONSORTIUM BERHAD
5295,INNATURE BERHAD
5296,MR D.I.Y. GROUP (M) BERHAD
5297,TUJU SETIA BERHAD
5298,OM HOLDINGS LIMITED
5299,IGB COMMERCIAL REAL ESTATE INVESTMENT TRUST
5300,YENHER HOLDINGS BERHAD
5301,CTOS DIGITAL BERHAD
5302,AURELIUS TECHNOLOGIES BERHAD
5303,SWIFT HAULAGE BERHAD
5305,SENHENG NEW RETAIL BERHAD
5306,FARM FRESH BERHAD
5307,AME REAL ESTATE INVESTMENT TRUST
5308,SENG FONG HOLDINGS BERHAD
5309,ITMAX SYSTEM BERHAD
5310,KUMPULAN KITACON BERHAD
5311,CAPE EMS BERHAD
5313,RADIUM DEVELOPMENT BERHAD
5315,SKYWORLD DEVELOPMENT BERHAD
5316,MST GOLF GROUP BERHAD
5317,CPE TECHNOLOGY BERHAD
5318,DXN HOLDINGS BHD.
5347,TENAGA NASIONAL BHD
5371,KIM HIN INDUSTRY BERHAD
5398,GAMUDA BERHAD
5401,TROPICANA CORPORATION BERHAD
5436,PERUSAHAAN SADUR TIMAH MALAYSIA (PERSTIMA) BHD
5517,SHANGRI-LA HOTELS (MALAYSIA) BERHAD
5533,OCB BERHAD
5568,APB RESOURCES BERHAD
5576,MINHO (M) BERHAD
5592,GRAND CENTRAL ENTERPRISES BHD
5606,IGB BERHAD
5614,ILB GROUP BERHAD
5622,PIMPINAN EHSAN BERHAD
5649,GOLDEN PHAROS BERHAD
5657,PARKSON HOLDINGS BERHAD
5665,SOUTHERN STEEL BERHAD
5673,JENTAYU SUSTAINABLES BERHAD
5681,PETRONAS DAGANGAN BHD
5703,MUHIBBAH ENGINEERING (M) BHD
5738,COUNTRY HEIGHTS HOLDINGS BHD
5789,LBS BINA GROUP BERHAD
5797,CHOO BEE METAL INDUSTRIES BHD
5819,HONG LEONG BANK BERHAD
5827,ORIENTAL INTEREST BERHAD
5843,KUMPULAN PERANGSANG SELANGOR BERHAD
5878,KPJ HEALTHCARE BERHAD
5908,DKSH HOLDINGS (MALAYSIA) BERHAD
5916,MALAYSIA SMELTING CORPORATION BERHAD
5932,BINA PURI HOLDINGS BHD
5983,MBM RESOURCES BHD
6009,PACIFIC & ORIENT BERHAD
6012,MAXIS BERHAD
6017,SHL CONSOLIDATED BHD
6033,PETRONAS GAS BERHAD
6041,FARLIM GROUP (MALAYSIA) BHD
6068,PCCS GROUP BERHAD
6076,ENCORP BERHAD
6084,STAR MEDIA GROUP BERHAD
6114,MKH BERHAD
6139,SYARIKAT TAKAFUL MALAYSIA KELUARGA BERHAD
6149,METROD HOLDINGS BERHAD
6173,BINA DARULAMAN BERHAD
6181,MALTON BERHAD
6203,KHEE SAN BERHAD
6211,KIA LIM BERHAD
6254,PDZ HOLDINGS BHD
6262,INNOPRISE PLANTATIONS BERHAD
6297,BOX-PAK (MALAYSIA) BERHAD
6351,AMWAY (MALAYSIA) HOLDINGS BERHAD
6378,WMG HOLDINGS BERHAD
6399,ASTRO MALAYSIA HOLDINGS BERHAD
6432,APOLLO FOOD HOLDINGS BERHAD
6459,MNRB HOLDINGS BERHAD
6483,KENANGA INVESTMENT BANK BERHAD
6491,KUMPULAN FIMA BERHAD
6521,SURIA CAPITAL HOLDINGS BERHAD
6556,ANN JOO RESOURCES BERHAD
6599,AEON CO. (M) BHD
6602,BCB BERHAD
6633,LEONG HUP INTERNATIONAL BERHAD
6637,PNE PCB BERHAD
6718,CRESCENDO CORPORATION BERHAD
6742,YTL POWER INTERNATIONAL BHD
6769,JKG LAND BERHAD
6807,PUNCAK NIAGA HOLDINGS BERHAD
6815,EUPE CORPORATION BERHAD
6874,KUB MALAYSIA BERHAD
6888,AXIATA GROUP BERHAD
6904,SUBUR TIASA HOLDINGS BERHAD
6912,PASDEC HOLDINGS BERHAD
6939,FIAMMA HOLDINGS BERHAD
6947,CELCOMDIGI BERHAD
6963,V.S. INDUSTRY BERHAD
6971,KOBAY TECHNOLOGY BERHAD
6998,BINTAI KINDEN CORPORATION BERHAD
7003,Y&G CORPORATION BHD
7004,MCE HOLDINGS BERHAD
7005,B.I.G. INDUSTRIES BERHAD
7006,RHONG KHEN INTERNATIONAL BERHAD
7007,ARK RESOURCES HOLDINGS BERHAD
7010,PTT SYNERGY GROUP BERHAD
7013,HUBLINE BERHAD
7014,YLI HOLDINGS BERHAD
7016,CHUAN HUAT RESOURCES BHD
7017,KOMARKCORP BERHAD
7018,CME GROUP BERHAD
7020,ASTEEL GROUP BERHAD
7022,GLOBETRONICS TECHNOLOGY BERHAD
7025,WOODLANDOR HOLDINGS BHD
7028,ZECON BERHAD
7029,MASTER-PACK GROUP BERHAD
7031,AMTEL HOLDINGS BERHAD
7033,KUMPULAN H & L HIGH-TECH BERHAD
7034,THONG GUAN INDUSTRIES BERHAD
7035,CCK CONSOLIDATED HOLDINGS BERHAD
7036,BORNEO OIL BERHAD
7043,JADE MARVEL GROUP BERHAD
7045,SCOMI ENERGY SERVICES BHD
7047,FAJARBARU BUILDER GROUP BHD
7048,ATLAN HOLDINGS BHD
7050,WONG ENGINEERING CORPORATION BERHAD
7052,PADINI HOLDINGS BERHAD
7053,SEE HUP CONSOLIDATED BERHAD
7054,ASTRAL ASIA BERHAD
7055,PLB ENGINEERING BERHAD
7060,NEW HOONG FATT HOLDINGS BERHAD
7062,KHIND HOLDINGS BERHAD
7066,YONG TAI BERHAD
7070,VIZIONE HOLDINGS BERHAD
7071,OCR GROUP BERHAD
7073,SEACERA GROUP BERHAD
7076,CB INDUSTRIAL PRODUCT HOLDING BERHAD
7077,KERJAYA PROSPEK PROPERTY BERHAD
7078,AHMAD ZAKI RESOURCES BERHAD
7079,TWL HOLDINGS BERHAD
7080,PERMAJU INDUSTRIES BERHAD
7081,PHARMANIAGA BERHAD
7082,M & A EQUITY HOLDINGS BERHAD
7083,ANALABS RESOURCES BERHAD
7084,QL RESOURCES BERHAD
7085,LTKM BERHAD
7087,MAGNI-TECH INDUSTRIES BERHAD
7088,POH HUAT RESOURCES HOLDINGS BERHAD
7089,LII HEN INDUSTRIES BHD.
7090,APEX HEALTHCARE BERHAD
7091,UNIMECH GROUP BERHAD
7094,EUROSPAN HOLDINGS BERHAD
7095,P.I.E. INDUSTRIAL BERHAD
7096,JOE HOLDING BERHAD
7097,TA WIN HOLDINGS BERHAD
7099,MAYU GLOBAL GROUP BERHAD
7100,UCHI TECHNOLOGIES BERHAD
7103,SPRITZER BHD
7105,HCK CAPITAL GROUP BERHAD
7106,SUPERMAX CORPORATION BERHAD
7107,ORIENTAL FOOD INDUSTRIES HOLDINGS BERHAD
7108,PERDANA PETROLEUM BERHAD
7113,TOP GLOVE CORPORATION BHD
7115,SKB SHUTTERS CORPORATION BERHAD
7117,CJ CENTURY LOGISTICS HOLDINGS BERHAD
7120,AXTERIA GROUP BERHAD
7121,XL HOLDINGS BERHAD
7123,PRICEWORTH INTERNATIONAL BERHAD
7128,CAM RESOURCES BERHAD
7129,ASIA FILE CORPORATION BHD
7130,RENEUCO BERHAD
7131,ACME HOLDINGS BERHAD
7132,SMIS CORPORATION BERHAD
7133,UNITED U-LI CORPORATION BERHAD
7134,PWF CORPORATION BERHAD
7137,UMS HOLDINGS BERHAD
7139,NICHE CAPITAL EMAS HOLDINGS BERHAD
7140,OKA CORPORATION BHD
7145,AGESON BERHAD
7146,AE MULTI HOLDINGS BERHAD
7148,DUOPHARMA BIOTECH BERHAD
7149,ENG KAH CORPORATION BERHAD
7152,JAYCORP BERHAD
7153,KOSSAN RUBBER INDUSTRIES BERHAD
7154,CLASSITA HOLDINGS BERHAD
7155,SKP RESOURCES BHD
7157,CYL CORPORATION BERHAD
7160,PENTAMASTER CORPORATION BERHAD
7161,KENANGA KLCI DAILY (-1X) INVERSE ETF 0835EA 2 444 KENANGA KLCI DAILY 2X LEVERAGED ETF 0834EA 2 445 KERJAYA PROSPEK GROUP BERHAD
7162,ASTINO BERHAD
7163,PJBUMI BERHAD
7164,KNM GROUP BERHAD
7165,VELOCITY CAPITAL PARTNER BERHAD
7167,ABF MALAYSIA BOND INDEX FUND 0800EA 3 ABLE GLOBAL BERHAD
7168,PRG HOLDINGS BERHAD
7169,DOMINANT ENTERPRISE BERHAD
7170,LFE CORPORATION BERHAD
7172,PMB TECHNOLOGY BERHAD
7173,TOYO VENTURES HOLDINGS BERHAD
7174,CAB CAKARAN CORPORATION BERHAD
7176,TPC PLUS BERHAD
7178,Y.S.P.SOUTHEAST ASIA HOLDING BERHAD
7179,LAGENDA PROPERTIES BERHAD
7180,SERN KOU RESOURCES BERHAD
7181,ARB BERHAD
7183,IQZAN HOLDING BERHAD
7184,G3 GLOBAL BERHAD
7186,SWS CAPITAL BERHAD
7187,CHIN HIN GROUP PROPERTY BERHAD
7188,BTM RESOURCES BERHAD
7191,ADVENTA BERHAD
7192,GIIB HOLDINGS BERHAD
7195,COMINTEL CORPORATION BHD
7197,GE-SHEN CORPORATION BERHAD
7198,DPS RESOURCES BERHAD
7199,KEIN HING INTERNATIONAL BERHAD
7200,TEK SENG HOLDINGS BERHAD
7201,PROGRESSIVE IMPACT CORPORATION BERHAD
7202,CLASSIC SCENIC BERHAD
7203,WANG-ZHENG BERHAD
7204,D & O GREEN TECHNOLOGIES BERHAD
7207,SUCCESS TRANSFORMER CORPORATION BERHAD
7208,EURO HOLDINGS BERHAD
7209,CHEETAH HOLDINGS BERHAD
7210,FM GLOBAL LOGISTICS HOLDINGS BERHAD
7211,TAFI INDUSTRIES BERHAD
7212,DESTINI BERHAD
7214,A-RANK BERHAD
7215,NI HSIN GROUP BERHAD
7216,KAWAN FOOD BERHAD
7217,EONMETALL GROUP BERHAD
7218,TRADEPLUS MSCI ASIA EX JAPAN REITS TRACKER 0837EA 2 938 TRADEPLUS S&P NEW CHINA TRACKER-MYR 0829EA 2 939 TRADEPLUS S&P NEW CHINA TRACKER-USD 0829EB 2 940 TRADEPLUS SHARIAH GOLD TRACKER 0828EA 2 941 TRANSOCEAN HOLDINGS BHD
7219,MINETECH RESOURCES BERHAD
7221,BSL CORPORATION BERHAD
7222,IMASPRO CORPORATION BERHAD
7223,JADI IMAGING HOLDINGS BERHAD
7225,P.A. RESOURCES BERHAD
7226,WATTA HOLDING BERHAD
7227,UMS-NEIKEN GROUP BERHAD
7228,T7 GLOBAL BERHAD
7229,FAVELLE FAVCO BERHAD
7230,TOMEI CONSOLIDATED BERHAD
7231,WELLCALL HOLDINGS BERHAD
7232,RESINTECH BERHAD
7233,DUFU TECHNOLOGY CORP. BERHAD
7234,MESB BERHAD
7235,SUPERLON HOLDINGS BERHAD
7237,POWER ROOT BERHAD
7239,SCANWOLF CORPORATION BERHAD
7240,INFRAHARTA HOLDINGS BERHAD
7241,NEXTGREEN GLOBAL BERHAD
7243,MAGMA GROUP BERHAD
7245,CITAGLOBAL BERHAD
7246,SIGNATURE INTERNATIONAL BERHAD
7247,SCGM BHD
7248,SLP RESOURCES BERHAD
7249,EWEIN BERHAD
7250,UZMA BERHAD
7251,BARAKAH OFFSHORE PETROLEUM BERHAD
7252,TEO SENG CAPITAL BERHAD
7253,HANDAL ENERGY BERHAD
7277,DIALOG GROUP BERHAD
7285,TOMYPAK HOLDINGS BERHAD
7293,YINSON HOLDINGS BERHAD
7315,AHB HOLDINGS BERHAD
7323,KEN HOLDINGS BERHAD
7374,TIEN WAH PRESS HOLDINGS BERHAD
7382,GOLDEN LAND BERHAD
7412,SHH RESOURCES HOLDINGS BERHAD
7439,TECK GUAN PERDANA BERHAD
7471,EDEN INC. BERHAD
7498,RALCO CORPORATION BERHAD
7501,HARN LEN CORPORATION BHD
7528,DKLS INDUSTRIES BHD
7544,QUALITY CONCRETE HOLDINGS BERHAD
7579,AWC BERHAD
7595,MGB BERHAD
7609,AJIYA BERHAD
7617,MAGNA PRIMA BERHAD
7668,BESHOM HOLDINGS BERHAD
7676,FTSE BURSA MALAYSIA KLCI ETF 0820EA 2 294 G CAPITAL BERHAD
7692,MYTECH GROUP BERHAD
7722,ASIA BRANDS BERHAD
7757,UPA CORPORATION BHD
7765,RAPID SYNERGY BERHAD
7773,EP MANUFACTURING BHD
7803,HEXTAR HEALTHCARE BERHAD
7811,SAPURA INDUSTRIAL BERHAD
7854,TIMBERWELL BERHAD
7889,THRIVEN GLOBAL BERHAD
7935,MILUX CORPORATION BERHAD
7943,MPIRE GLOBAL BERHAD
7986,CN ASIA CORPORATION BHD
8044,COMPUTER FORMS (MALAYSIA) BERHAD
8052,CENTRAL GLOBAL BERHAD
8079,LEE SWEE KIAT GROUP BERHAD
8117,PGF CAPITAL BERHAD
8125,SCIENTEX PACKAGING (AYER KEROH) BERHAD
8133,BOUSTEAD HEAVY INDUSTRIES CORPORATION BHD
8141,MAJUPERAK HOLDINGS BERHAD
8176,ATA IMS BERHAD
8192,MERCURY INDUSTRIES BERHAD
8206,ECO WORLD DEVELOPMENT GROUP BERHAD
8273,PUBLIC PACKAGES HOLDINGS BHD
8303,LOTUS KFM BERHAD
8311,PESONA METRO HOLDINGS BERHAD
8338,DATAPREP HOLDINGS BHD
8346,PERAK CORPORATION BERHAD
8362,KYM HOLDINGS BERHAD
8397,TIONG NAM LOGISTICS HOLDINGS BERHAD
8419,PANSAR BERHAD
8435,CONCRETE ENGINEERING PRODUCTS BERHAD
8443,HIL INDUSTRIES BERHAD
8478,HWA TAI INDUSTRIES BERHAD
8486,LION POSIM BERHAD
8494,LBI CAPITAL BERHAD
8524,TALIWORKS CORPORATION BERHAD
8532,PERTAMA DIGITAL BERHAD
8567,SALCON BERHAD
8583,MAH SING GROUP BERHAD
8591,CREST BUILDER HOLDINGS BERHAD
8605,FEDERAL INTERNATIONAL HOLDINGS BERHAD
8613,ENRA GROUP BERHAD
8621,LPI CAPITAL BHD
8648,JASA KITA BERHAD
8664,S P SETIA BERHAD
8672,KAMDAR GROUP (M) BERHAD
8702,TEXCHEM RESOURCES BERHAD
8745,S & F CAPITAL BERHAD
8834,IREKA CORPORATION BERHAD
8869,PRESS METAL ALUMINIUM HOLDINGS BERHAD
8877,EKOVEST BERHAD
8885,AVILLION BERHAD
8893,MK LAND HOLDINGS BERHAD
8907,EG INDUSTRIES BERHAD
8923,JIANKUN INTERNATIONAL BERHAD
8966,PROLEXUS BERHAD
8982,CEPATWAWASAN GROUP BERHAD
9008,OMESTI BERHAD
9016,EKSONS CORPORATION BERHAD
9059,TSH RESOURCES BERHAD
9075,THETA EDGE BERHAD
9083,KUMPULAN JETSON BERHAD
9091,EMICO HOLDINGS BERHAD
9113,ICONIC WORLDWIDE BERHAD
9121,KPS CONSORTIUM BERHAD
9148,GREATER BAY HOLDINGS BERHAD
9172,FORMOSA PROSONIC INDUSTRIES BERHAD
9199,LYSAGHT GALVANIZED STEEL BERHAD
9237,SARAWAK CONSOLIDATED INDUSTRIES BERHAD
9261,GADANG HOLDINGS BHD
9288,BONIA CORPORATION BERHAD
9296,RCE CAPITAL BERHAD
9318,FITTERS DIVERSIFIED BERHAD
9326,LB ALUMINIUM BERHAD
9334,KESM INDUSTRIES BERHAD
9369,TEO GUAN LEE CORPORATION BERHAD
9377,FSBM HOLDINGS BERHAD
9385,LAY HONG BERHAD
9393,INDUSTRONICS BERHAD
9407,PARAGON UNION BERHAD
9423,CWG HOLDINGS BERHAD
9431,SENI JAYA CORPORATION BERHAD
9466,KKB ENGINEERING BERHAD
9539,MULTI-USAGE HOLDINGS BERHAD
9571,MITRAJAYA HOLDINGS BERHAD
9598,PINTARAS JAYA BHD
9601,HO WAH GENTING BERHAD
9628,LEBTECH BERHAD
9679,WCT HOLDINGS BERHAD
9687,IDEAL CAPITAL BERHAD
9695,PLS PLANTATIONS BERHAD
9717,SYCAL VENTURES BERHAD
9741,ROHAS TECNIC BERHAD
9776,SINMAH CAPITAL BERHAD
9792,SEG INTERNATIONAL BHD
9814,BERTAM ALLIANCE BERHAD
9822,SAM ENGINEERING & EQUIPMENT (M) BERHAD
9873,PRESTAR RESOURCES BERHAD
9881,LEADER STEEL HOLDINGS BERHAD
9938,BRIGHT PACKAGING INDUSTRY BERHAD
9946,REX INDUSTRY BERHAD
9954,RGT BERHAD
9962,GROMUTUAL BERHAD
9997,PENSONIC HOLDINGS BERHAD
